,Episode,Best score so far,Eval score,"Eval, g: 0.0: mean_agg","Eval, g: 0.0: std_agg","Eval, g: 0.0: mean_C0","Eval, g: 0.0: mean_C1","Eval, g: 0.0: std_C0","Eval, g: 0.0: std_C1",Loss 1,Loss 2,"Train, Cost 1","Train, Cost 2","Train, Aggregated cost"
0,50,82.14754472099263,82.14754472099263,82.14754472099263,82.14754472099263,53395.90406864521,76.8244237628,6326.380573527575,11.412988667233364,0.776383101940155,1.399547815322876,49207.61702396642,88.0470558107,75.70402619071756
1,100,59.654904478440905,59.654904478440905,59.654904478440905,59.654904478440905,38775.687910986584,97.15524635413337,10257.12859269464,37.717699415410266,0.2701430320739746,1.5434054136276245,48314.773711612186,74.00328537742001,74.33042109478798
2,150,59.654904478440905,64.36564565069385,64.36564565069385,64.36564565069385,41837.669672951,101.80140851463335,10100.405776266753,34.3640414564115,0.3101312518119812,1.474105715751648,40615.605122111236,99.7552721508,62.485546341709586
3,200,5.793251842870979,5.793251842870979,5.793251842870979,5.793251842870979,3765.6136978661384,118.61278734199999,4641.456066629003,5.9453630639718575,4.754238605499268,1.0934679508209229,35987.0061408125,97.1401491389,55.36462483201921
4,250,3.8231396443555274,3.8231396443555274,3.8231396443555274,3.8231396443555274,2485.0407688310925,155.5582312802,4183.609932964255,0.09489046812734822,2.3317794799804688,1.2464274168014526,14418.902608592021,102.38641767661998,22.182927090141575
5,300,3.8231396443555274,3.840046463345049,3.840046463345049,3.840046463345049,2496.030201174282,117.98370733659998,3576.9235377383125,2.8763823642079904,1.8692400455474854,1.3584802150726318,9303.357472576368,106.78533349624,14.312857650117486
6,350,3.8231396443555274,22.386896308414364,22.386896308414364,22.386896308414364,14551.48260046934,79.36821199976667,12009.153625683686,4.8163534664496375,1.3193212747573853,1.280705213546753,12661.262485989146,100.11601498597999,19.478865363060223
7,400,3.8231396443555274,4.834615787069767,4.834615787069767,4.834615787069767,3142.5002615953476,131.1545270702333,3444.2922901978036,1.0865635475985764,6.223175525665283,2.8284902572631836,9583.18579626099,101.60067376410001,14.743362763478444
8,450,3.8231396443555274,8.209843921632823,8.209843921632823,8.209843921632823,5336.398549061335,155.61942817119998,7607.153741401211,0.16617863833584628,4.34621000289917,2.8808400630950928,11130.069633118545,105.09811831372,17.123184050951608
9,500,3.683243711914706,3.683243711914706,3.683243711914706,3.683243711914706,2394.108412744559,155.55581856429998,2397.782637586229,0.05278945958274592,2.317086696624756,3.0617425441741943,6893.343090253842,104.11643510884001,10.60514321577514
10,550,3.683243711914706,7.103884777331254,7.103884777331254,7.103884777331254,4617.525105265316,82.45952319966668,8283.041385951221,3.5047164959798125,3.271087646484375,3.0469956398010254,8949.941761925003,105.41489161336001,13.769141172192313
11,600,3.140359942080391,3.140359942080391,3.140359942080391,3.140359942080391,2041.2339623522541,88.27089133893334,1943.1688035402808,1.8077199231689474,7.991541862487793,2.8940587043762207,11526.316135197845,107.49386466769998,17.732794054150542
12,650,3.140359942080391,3.8383039541712884,3.8383039541712884,3.8383039541712884,2494.897570211338,99.34289466919999,2550.5297118802782,4.179262020429271,6.803903579711914,2.9851253032684326,7947.9778235206195,102.51659487650002,12.227658190031724
13,700,3.140359942080391,7.231976072636572,7.231976072636572,7.231976072636572,4700.784447213774,80.93085465896667,4811.820201494496,1.4476853953833062,7.985741138458252,2.9322400093078613,12972.258446197033,103.16246230303999,19.95732068645698
14,750,3.140359942080391,3.825340310552667,3.825340310552667,3.825340310552667,2486.471201859234,127.25226869810004,2455.8222330230205,1.9025012276906765,4.293155670166016,2.9342777729034424,8550.808172938858,105.47073318123995,13.155089496829016
15,800,3.140359942080391,4.643906512777509,4.643906512777509,4.643906512777509,3018.5392333053815,155.57056055776667,4417.18031654486,0.1003680079772973,9.052873611450195,2.5041744709014893,6627.5123560821285,102.67604948692004,10.19617285551097
16,850,3.140359942080391,3.7530995456702745,3.7530995456702745,3.7530995456702745,2439.514704685678,155.55625661893333,4404.043566264849,0.09396222120368773,11.794976234436035,2.716970920562744,9022.055077351393,104.94645519427996,13.880084734386756
17,900,3.140359942080391,5.57053147187323,5.57053147187323,5.57053147187323,3620.8454567175995,82.02677930906664,5455.467815990424,2.8695181968448837,12.751555442810059,2.793320655822754,9956.587968690012,104.95326632336,15.317827644138477
18,950,3.140359942080391,4.66169240841567,4.66169240841567,4.66169240841567,3030.100065470185,80.91484900799999,4805.768810405276,0.9958868983504793,7.292470455169678,2.7343509197235107,6294.618585808599,99.07572715124,9.68402859355169
19,1000,3.140359942080391,4.366024916041651,4.366024916041651,4.366024916041651,2837.9161954270717,83.11092404930001,3538.952708741332,1.1908602962082757,7.322831153869629,3.2582204341888428,11592.159726608104,104.41301345062,17.834091887089386
20,1050,3.140359942080391,4.564951203344491,4.564951203344491,4.564951203344491,2967.2182821739193,84.01335189916666,4418.296707457807,4.156862557008575,10.487606048583984,2.9985437393188477,6398.987616019016,104.51246945439998,9.844596332336943
21,1100,3.140359942080391,6.528166072748687,6.528166072748687,6.528166072748687,4243.307947286646,142.83639258910003,5074.418016604622,7.295823485646867,7.5368828773498535,3.211967706680298,9941.907449073615,110.28134209316002,15.29524222934402
22,1150,3.140359942080391,5.77632222121437,5.77632222121437,5.77632222121437,3754.60944378934,142.02744202103335,7142.945086290084,6.219646673437353,12.737537384033203,2.9306864738464355,7950.471586043515,105.56640664807999,12.231494747759251
23,1200,3.140359942080391,5.075153025108447,5.075153025108447,5.075153025108447,3298.84946632049,95.87503359559997,5201.203118388056,9.772216648695986,12.599806785583496,2.905890464782715,8394.678468414779,107.52876239853998,12.91488995140735
24,1250,3.140359942080391,3.885043792195745,3.885043792195745,3.885043792195745,2525.278464927235,125.85705097746668,3075.548175935278,5.100585753060952,10.912779808044434,3.0954034328460693,6166.917543346599,111.5010921969,9.487565451302464
25,1300,3.140359942080391,3.6459768622945505,3.6459768622945505,3.6459768622945505,2369.8849604914576,155.55448421683334,2427.4643649019968,0.05266817306442163,8.841073036193848,3.0860228538513184,5282.593540106804,104.47922087133996,8.127066984779697
26,1350,3.140359942080391,6.142565020564681,6.142565020564681,6.142565020564681,3992.667263367043,155.59218672386666,5798.052888037609,0.1353103718980034,9.643709182739258,2.3833768367767334,10113.051319208369,102.15361911986001,15.558540491089794
27,1400,3.140359942080391,8.852150456345122,8.852150456345122,8.852150456345122,5753.897796624328,80.15958055163334,3882.7794010476728,2.2098604580734538,8.178763389587402,2.617290496826172,5358.88863725072,103.41691678779996,8.2444440573088
28,1450,3.140359942080391,4.4716088657446145,4.4716088657446145,4.4716088657446145,2906.5457627339997,155.56724947820004,3194.72688619536,0.06992460277786633,7.422569751739502,2.616075038909912,10980.803765754123,104.98046652016002,16.89354425500634
29,1500,3.140359942080391,4.555028188001724,4.555028188001724,4.555028188001724,2960.7683222011196,80.32446773470001,3779.0215814002177,1.6119523537297062,10.17945384979248,2.4887468814849854,5774.578682267276,101.62835041785998,8.883967203488115
30,1550,3.140359942080391,3.484582460104045,3.484582460104045,3.484582460104045,2264.9785990676296,128.14272131220002,2984.547580667345,6.140664337259362,7.0654425621032715,2.5795528888702393,9139.270538690149,103.50248152957997,14.060416213369463
31,1600,3.140359942080391,5.020982654767681,5.020982654767681,5.020982654767681,3263.6387255989926,82.42494260233333,3772.670909736141,2.8521205840748722,5.573872089385986,2.4823927879333496,8383.930071345,106.42334704848001,12.898353955915388
32,1650,3.140359942080391,5.779679721646513,5.779679721646513,5.779679721646513,3756.791819070232,139.1367004178667,5431.128056428857,7.9966403587120105,8.015547752380371,2.582991123199463,9319.568480403368,106.81306845622002,14.33779766215903
33,1700,3.140359942080391,5.123632991797444,5.123632991797444,5.123632991797444,3330.361444668339,77.14429535516666,3897.940911254672,4.133459838173159,8.137767791748047,2.5934712886810303,6781.03106500474,104.94614477465997,10.432355484622674
34,1750,3.140359942080391,7.188118364714326,7.188118364714326,7.188118364714326,4672.276937064312,137.16530491533337,7886.589355731002,12.162029645861207,8.874833106994629,2.370278835296631,13063.545829900559,95.47646440962001,20.097762815231633
35,1800,2.727945940907453,2.727945940907453,2.727945940907453,2.727945940907453,1773.1648615898446,95.34156884070002,1960.1580033510081,3.7294767828754294,10.044343948364258,2.4038212299346924,8936.444121561773,101.24044978712,13.74837557163349
36,1850,2.727945940907453,4.632585949524317,4.632585949524317,4.632585949524317,3011.1808671908066,99.85219394033332,3851.4551579753884,14.548628448153508,6.137002944946289,2.4071505069732666,10967.59612977446,103.24781208279997,16.87322481503763
37,1900,2.727945940907453,3.1138279101477573,3.1138279101477573,3.1138279101477573,2023.988141596042,155.04867660730002,2243.0368271941816,1.1329595089601083,10.164960861206055,2.5321602821350098,11272.464093934846,100.86562074749997,17.34225245220746
38,1950,2.727945940907453,30.066026256256098,30.066026256256098,30.066026256256098,19542.917066566464,80.29990474263332,3105.460502688457,1.8732891951490145,12.957304954528809,2.926311492919922,10105.872061187676,104.66200112801998,15.547495478750266
39,2000,2.727945940907453,3.7462604010744145,3.7462604010744145,3.7462604010744145,2435.06926069837,80.60553697769998,2257.1390951235476,18.421425399048886,10.646455764770508,3.2520334720611572,9689.305490920393,95.02245665290002,14.906623832185216
40,2050,2.727945940907453,6.242179692267928,6.242179692267928,6.242179692267928,4057.4167999741517,81.54893421546663,3948.4284381506873,1.7199047941672398,8.23891544342041,3.0640435218811035,10379.412463211396,106.41780901345999,15.968326866479067
41,2100,2.727945940907453,3.790104536878891,3.790104536878891,3.790104536878891,2463.5679489712797,155.55674762903337,3920.6665661753996,0.0861162990976283,14.100037574768066,3.0751805305480957,8118.033306427266,101.32190493236001,12.489282009888102
42,2150,2.727945940907453,3.9176363193325754,3.9176363193325754,3.9176363193325754,2546.4636075661742,89.78100488793332,2690.2500158497787,0.07242980653359289,4.744734764099121,3.2278454303741455,5113.0932701468,98.50230654964,7.866297338687385
43,2200,2.727945940907453,6.906700195540323,6.906700195540323,6.906700195540323,4489.35512710121,155.6022406612333,4185.591485123673,0.09053810377213273,13.735543251037598,3.490143060684204,7788.204606551626,104.97116517174001,11.98185324084865
44,2250,2.727945940907453,6.0433576068610835,6.0433576068610835,6.0433576068610835,3928.182444459705,155.58962749306667,4140.231161910207,0.09208830242578352,7.28031063079834,3.0890462398529053,9074.700745729935,105.59928535030002,13.961078070353748
45,2300,2.727945940907453,3.975900696259319,3.975900696259319,3.975900696259319,2584.3354525685572,129.14733630749998,2964.543258125116,5.76821803159891,12.16434383392334,3.450204372406006,9145.873199028565,111.64911905602001,14.070574152351634
46,2350,2.727945940907453,5.924801240570829,5.924801240570829,5.924801240570829,3851.1208063710374,155.58840267506667,5215.254031241436,0.11922449366642858,7.240635395050049,2.9990828037261963,7283.692440627019,104.25041365885998,11.205680677887724
47,2400,2.727945940907453,4.057727321253034,4.057727321253034,4.057727321253034,2637.522758814471,141.30731633433336,3056.4129308820525,7.694464182737315,8.245156288146973,3.152588367462158,7246.919599320928,106.57388972747998,11.149107075878353
48,2450,2.727945940907453,5.724216083152788,5.724216083152788,5.724216083152788,3720.7404540493135,119.80563149473332,4359.554376523286,8.818312785638797,7.963594436645508,3.139601469039917,4502.311382395987,107.16873812721998,6.9266328959938255
49,2500,2.727945940907453,3.821794289076442,3.821794289076442,3.821794289076442,2484.166287899687,77.0217343938,2761.8280812511225,6.250396516849011,4.408617973327637,2.7991626262664795,8284.221883767083,106.59642525896002,12.74495674425705
50,2550,2.727945940907453,3.2452397366916026,3.2452397366916026,3.2452397366916026,2109.4058288495416,89.3684612779,2544.3051791024386,8.53144957537903,12.074746131896973,3.508366823196411,7616.694470951392,104.66056456099997,11.71799149377137
51,2600,2.727945940907453,4.228632454097697,4.228632454097697,4.228632454097697,2748.6110951635046,82.60989178633329,3414.7103276623416,6.189339317680203,15.30095100402832,3.5329015254974365,7521.624310917616,101.48568832331998,11.571729709104028
52,2650,2.727945940907453,4.535185079115425,4.535185079115425,4.535185079115425,2947.8703014250264,83.51105620573334,4786.832506701034,7.641585750295606,3.634577751159668,3.386524200439453,6600.328546336749,109.78194533586002,10.154351609748849
53,2700,2.727945940907453,4.388723305120956,4.388723305120956,4.388723305120956,2852.6701483286215,81.11790474620001,2662.234376153251,1.424903688812945,15.172945022583008,3.6959140300750732,6445.851021445498,106.37402008856002,9.916693879146921
54,2750,2.727945940907453,8.452918961812863,8.452918961812863,8.452918961812863,5494.397325178362,75.48929109656667,5705.399065043631,7.495945917405804,8.248798370361328,3.9236841201782227,7993.875550744952,99.96089873419999,12.298270078069162
55,2800,2.727945940907453,6.214911407599581,6.214911407599581,6.214911407599581,4039.692414939727,104.26349009183335,5755.158923375326,12.889079972879976,8.374492645263672,4.27765417098999,4543.709207909415,108.54151234654002,6.990321858322175
56,2850,2.727945940907453,5.7174412992207975,5.7174412992207975,5.7174412992207975,3716.3368444935186,155.58542838790007,4347.743692685527,0.10183764273375119,6.6180219650268555,3.71703839302063,7976.245527046255,106.58756789281999,12.271146964686547
57,2900,2.727945940907453,3.8500285224868813,3.8500285224868813,3.8500285224868813,2502.5185396164734,99.54327924403331,2634.283077074774,12.815592138952622,5.2036614418029785,4.725371837615967,9193.112154811179,111.16703508498,14.14324946894028
58,2950,2.727945940907453,4.440270276378518,4.440270276378518,4.440270276378518,2886.1756796460377,81.51650316600002,3015.390548031037,1.3059407268869048,6.824368000030518,4.3737101554870605,6119.687246826777,108.46874437252,9.414903456656583
59,3000,2.727945940907453,8.243333412080904,8.243333412080904,8.243333412080904,5358.166717852587,90.74472249523333,5892.412655638653,15.558044743015552,2.184100866317749,4.389408588409424,7740.4372522050135,102.09201100280002,11.908365003392335
60,3050,2.727945940907453,3.059311364578048,3.059311364578048,3.059311364578048,1988.5523869757312,80.59418715086669,1810.7171477661432,1.7099749915559461,5.848355293273926,4.264209270477295,7563.86752194502,103.70549783762,11.636719264530793
61,3100,2.727945940907453,3.512834418145978,3.512834418145978,3.512834418145978,2283.3423717948854,81.30031352146666,2905.357410488841,8.784799113597167,7.124197006225586,3.7694756984710693,7299.851713758888,105.61048402408,11.230541098090596
62,3150,2.727945940907453,3.534427477520373,3.534427477520373,3.534427477520373,2297.3778603882424,78.8100557888,3332.4357803102293,5.462733864702658,5.640439987182617,4.372859477996826,10411.356673117034,107.38055463842,16.017471804795438
63,3200,2.727945940907453,5.996877219789876,5.996877219789876,5.996877219789876,3897.9701928634213,90.40538293290003,5097.676106199534,17.24772672597833,4.354069709777832,4.071990489959717,6890.477447872161,102.90663616814,10.600734535187938
64,3250,2.727945940907453,4.0653245727914955,4.0653245727914955,4.0653245727914955,2642.460972314472,155.5618669689,2740.9535691708325,0.062374751758242725,9.469897270202637,4.312271595001221,11004.093247855813,107.85845222418,16.929374227470486
65,3300,2.727945940907453,19.002646748181437,19.002646748181437,19.002646748181437,12351.720386317933,80.74464678256665,3677.1715151665203,0.754891494398392,11.846388816833496,4.832224369049072,9618.470700229549,107.93603923368002,14.797647231122378
66,3350,2.727945940907453,4.996596247263963,4.996596247263963,4.996596247263963,3247.7875607215747,155.57543311893335,6844.053261405245,0.1547966141745019,8.886129379272461,4.689256191253662,7746.304155868133,105.61733850807995,11.917391009027897
67,3400,2.727945940907453,5.733678246829956,5.733678246829956,5.733678246829956,3726.890860439472,79.34461215916666,5015.740087695066,2.7613105797508344,5.797003746032715,4.489924907684326,7891.914270357578,107.24929912325997,12.141406569780889
68,3450,2.727945940907453,4.88246924448296,4.88246924448296,4.88246924448296,3173.6050089139244,155.57358941156664,5802.488282482464,0.13082960029277235,6.498844623565674,4.864044666290283,7357.719466768101,100.28420962909996,11.319568410412462
69,3500,2.727945940907453,6.423314872144826,6.423314872144826,6.423314872144826,4175.154666894135,77.84805320133334,3942.454722709984,5.231969475688694,5.269179344177246,5.202751159667969,8096.0064900454345,102.04187759038,12.455394600069901
70,3550,2.727945940907453,5.848539578637083,5.848539578637083,5.848539578637083,3801.5507261141047,82.22559576583333,5097.296608578583,11.819817932957077,8.291388511657715,4.94383430480957,9309.5534388386,91.90024974605998,14.322389905905537
71,3600,2.727945940907453,7.537811640661685,7.537811640661685,7.537811640661685,4899.5775664300945,77.36524000823331,3957.8397846130424,5.383756944196747,6.700991153717041,4.958384990692139,7498.880560361883,98.01662210423997,11.536739323633666
72,3650,2.727945940907453,5.694759125221385,5.694759125221385,5.694759125221385,3701.5934313939,155.0846173828,5027.617591654816,1.1525495471678624,8.902969360351562,5.455807209014893,9132.605069642472,95.69185581899997,14.050161645603804
73,3700,2.727945940907453,14.603582920180177,14.603582920180177,14.603582920180177,9492.328898117115,77.83278050123333,5440.498127725412,8.982767905277289,4.575756072998047,5.169086933135986,8403.147510569595,97.14006712592001,12.92791924703015
74,3750,2.727945940907453,4.853287541558826,4.853287541558826,4.853287541558826,3154.6369020132374,77.93007892086668,3853.7651788830412,4.954624737448799,6.293212413787842,5.1683759689331055,5978.2496920771755,99.24003162598005,9.197307218580272
75,3800,2.727945940907453,20.05545087864945,20.05545087864945,20.05545087864945,13036.043071122142,80.18549973280001,3152.119571863295,4.291391026937756,8.471571922302246,5.227810859680176,8753.76185327479,95.01101020558002,13.467325928115057
76,3850,2.727945940907453,6.110182377244613,6.110182377244613,6.110182377244613,3971.618545208998,155.58746689010002,5043.339519475816,0.10578583225109765,7.64387845993042,5.4956841468811035,9759.50346466963,94.10239736128001,15.014620714876354
77,3900,2.727945940907453,4.7059198514131655,4.7059198514131655,4.7059198514131655,3058.847903418558,155.5699367835667,4790.038381950765,0.10666585463701822,3.355712652206421,5.164913654327393,12453.433982282102,100.18751226904001,19.15912920351092
78,3950,2.727945940907453,3.824211095687691,3.824211095687691,3.824211095687691,2485.7372121969984,78.31358243683334,3134.9738116185276,4.065749939465725,8.746649742126465,5.2707061767578125,8374.751683241024,105.64191951082,12.884233358832345
79,4000,2.727945940907453,5.608191567863257,5.608191567863257,5.608191567863257,3645.324519111116,91.00190429166669,5542.001645761524,15.017658791394744,6.7446818351745605,5.277795791625977,13685.964154803109,102.54984825273999,21.055329468927845
80,4050,2.727945940907453,29.258858827721145,29.258858827721145,29.258858827721145,19018.25823801874,78.99908182179999,4799.360636902223,4.646669691481421,11.660253524780273,5.486255168914795,8982.752534289726,96.14553476458005,13.819619283522659
81,4100,2.727945940907453,4.067485734754873,4.067485734754873,4.067485734754873,2643.865727590668,111.9036583473667,2816.7573461719508,24.051473197342627,4.334312915802002,5.7263970375061035,11040.096397504778,96.36998357098,16.9847636884689
82,4150,2.727945940907453,3.091580612233055,3.091580612233055,3.091580612233055,2009.5273979514866,155.5457431182667,2578.0178877039025,0.05523508277952792,7.010795593261719,5.3624267578125,10572.333459581796,96.9053124851,16.265128399356605
83,4200,2.727945940907453,4.1019288745596,4.1019288745596,4.1019288745596,2666.25376846374,129.9445619682,3228.8415408873925,13.474308827029695,8.096243858337402,5.050906181335449,10848.695623441592,97.96840589788002,16.6903009591409
84,4250,2.727945940907453,3.3479917262719017,3.3479917262719017,3.3479917262719017,2176.1946220767363,108.00672526746666,2266.200063347944,25.556535734365625,6.95591402053833,5.223409652709961,9059.909741588323,100.86423456409999,13.938322679366651
85,4300,2.727945940907453,4.5468921428168825,4.5468921428168825,4.5468921428168825,2955.4798928309733,155.56745705386666,4308.7710092936195,0.09409000851196075,8.164243698120117,6.111607074737549,7018.357880036634,105.3050411581,10.797473661594825
86,4350,2.727945940907453,4.448454449843328,4.448454449843328,4.448454449843328,2891.495392398162,155.5675660672,3090.6346449793336,0.06816067255265444,4.482603073120117,5.041733741760254,7678.888630304302,105.01733839366001,11.813674815852773
87,4400,2.727945940907453,4.512906102098814,4.512906102098814,4.512906102098814,2933.388966364231,79.41766720976666,4552.742680439219,18.682792121848603,4.276419162750244,5.291193008422852,5888.871648179343,102.52644745531998,9.059802535660527
88,4450,2.727945940907453,6.05523670928033,6.05523670928033,6.05523670928033,3935.9038610322154,155.58880296796667,5124.248268675854,0.11116870395655544,10.763398170471191,5.381567001342773,9277.452549115491,104.93809367174005,14.273003921716143
89,4500,2.727945940907453,4.5222388043159345,4.5222388043159345,4.5222388043159345,2939.455222805358,110.41591152176667,3505.4705188824405,19.9131700572584,4.290948867797852,5.558867454528809,7400.195855011343,106.27923121717998,11.384916700017454
90,4550,2.727945940907453,3.8848327673837497,3.8848327673837497,3.8848327673837497,2525.141298799436,123.86197169173333,3976.554156598539,8.736517765720942,6.693027973175049,4.858963489532471,6436.700471786317,105.71167576745998,9.902616110440487
91,4600,2.727945940907453,9.412143991718146,9.412143991718146,9.412143991718146,6117.893594616796,77.67848595476667,4498.925623123367,6.859937393859171,6.911105632781982,5.476565361022949,10975.162190421257,108.09880128655998,16.884864908340393
92,4650,2.727945940907453,4.187933833282144,4.187933833282144,4.187933833282144,2722.156991633393,99.44775123406666,2955.688112824136,19.156769261080683,1.8610700368881226,5.487017631530762,7295.986005990652,104.00117765632001,11.224593855370234
93,4700,2.727945940907453,7.604509943747962,7.604509943747962,7.604509943747962,4942.931463436175,77.07045594033333,5231.7169632672685,7.678657279717519,8.747976303100586,5.075124263763428,7599.598953399089,107.94906835229999,11.691690697537055
94,4750,2.727945940907453,4.765188838525024,4.765188838525024,4.765188838525024,3097.3727450412657,126.9667277249,3452.106493824199,17.937941835495952,5.789835453033447,4.9617438316345215,5444.56996616202,112.80171999530003,8.37626148640311
95,4800,2.727945940907453,5.417255441171467,5.417255441171467,5.417255441171467,3521.2160367614533,80.83613586510002,4971.77050879825,0.762838366513539,8.386402130126953,5.212652206420898,7427.368107190891,105.42069915370001,11.426720164909066
96,4850,2.727945940907453,7.385478363671015,7.385478363671015,7.385478363671015,4800.56093638616,79.05694451013336,4877.148318595608,4.886630230233547,3.4576730728149414,5.196197509765625,10780.184966951441,98.11797892553999,16.584899949156068
97,4900,2.727945940907453,7.199041058443758,7.199041058443758,7.199041058443758,4679.376687988444,94.1166447214,5860.317395841744,12.630109748814304,6.95208215713501,5.78895378112793,7452.712056149848,97.19596350828,11.46571085561515
98,4950,2.727945940907453,6.200566934219804,6.200566934219804,6.200566934219804,4030.36850724287,93.201537436,6477.732084344641,23.18584095420117,4.3346848487854,5.678874492645264,7546.457497759552,98.14734647703999,11.609934611937769
99,5000,2.727945940907453,4.977129331107912,4.977129331107912,4.977129331107912,3235.1340652201416,78.62581797909999,4025.7296845836454,15.097441010689346,2.4111247062683105,6.453150272369385,10106.727698071469,92.64469664351998,15.548811843186872
100,5050,2.727945940907453,15.095973398376822,15.095973398376822,15.095973398376822,9812.382708944933,81.32624018353334,2494.013642187971,1.034187396034964,11.463287353515625,5.278443336486816,8943.550211248374,102.31338907201999,13.75930801730519
101,5100,2.727945940907453,11.332674699210104,11.332674699210104,11.332674699210104,7366.238554486566,79.01439798676667,6457.481607090291,7.27225922757153,8.956517219543457,4.755805015563965,9296.254316320059,106.03507152377999,14.301929717415476
102,5150,2.727945940907453,4.802269766958673,4.802269766958673,4.802269766958673,3121.475348523137,155.57246186953336,3482.3810729240304,0.07906930586161101,8.748880386352539,4.8135271072387695,9335.432203559152,102.36191319774005,14.362203390091004
103,5200,2.727945940907453,4.728050006567181,4.728050006567181,4.728050006567181,3073.232504268666,80.8209069388,3296.248078048415,0.09367355266935043,6.9896087646484375,6.000603199005127,7924.457915380698,102.3934280971,12.19147371597031
104,5250,2.727945940907453,4.8020939249308,4.8020939249308,4.8020939249308,3121.36105120502,89.09299907153333,3493.6643711362985,24.787132139558203,7.1186933517456055,5.5095648765563965,9381.402109293515,100.22838453543999,14.432926321990031
105,5300,2.727945940907453,4.610210479445552,4.610210479445552,4.610210479445552,2996.6368116396097,119.88561628843334,4228.720933738721,14.66514972001372,8.865133285522461,6.866145610809326,8053.014633700957,107.60455738592005,12.389253282616862
106,5350,2.727945940907453,5.094203184020555,5.094203184020555,5.094203184020555,3311.23206961336,155.57479450729997,5905.551052428194,0.1236739452028141,8.22251033782959,7.11293888092041,10333.541375412919,92.42279023361999,15.897755962173722
107,5400,2.727945940907453,3.7875664216668885,3.7875664216668885,3.7875664216668885,2461.918174083478,75.72607205123334,2114.6849787642814,8.159808991909415,5.652068138122559,5.707852840423584,4093.969586614312,102.85595378226,6.298414748637404
108,5450,2.727945940907453,5.286754616733998,5.286754616733998,5.286754616733998,3436.3905008770985,155.57766629066666,4722.804329286506,0.10462941809173937,2.7287278175354004,5.270662307739258,7217.978693139254,104.29720865746002,11.104582604829623
109,5500,2.727945940907453,3.2109505024343434,3.2109505024343434,3.2109505024343434,2087.1178265823237,155.54897564943332,2036.9535318492265,0.04501898399888886,3.4852981567382812,5.300705432891846,8072.515900838712,105.64002469439997,12.419255232059554
110,5550,2.727945940907453,5.163683896177478,5.163683896177478,5.163683896177478,3356.39453251536,116.00569783949999,6355.340672393205,23.308829689449915,3.335871696472168,4.881715774536133,7589.238842003746,106.68976414417999,11.675752064621149
111,5600,2.727945940907453,3.068816018583034,3.068816018583034,3.068816018583034,1994.7304120789727,81.19507809210002,2020.9722884892492,2.4104637139991483,6.088576316833496,4.848774433135986,7540.297667069562,106.7068241141,11.600457949337784
112,5650,2.727945940907453,8.433995883338456,8.433995883338456,8.433995883338456,5482.097324169998,84.77023527233332,8612.629571843298,17.8347905710618,5.811960697174072,5.90690803527832,10523.415440469264,103.02307517292,16.18986990841425
113,5700,2.727945940907453,4.872264416707319,4.872264416707319,4.872264416707319,3166.971870859758,155.57072262526665,5295.126812523206,0.11044601120687043,5.0780816078186035,4.938632011413574,10335.046594147776,102.74786078396001,15.900071683304274
114,5750,2.727945940907453,4.41837863781227,4.41837863781227,4.41837863781227,2871.9461145779755,82.61295332733333,3616.707332164985,5.689622464197829,3.5159170627593994,5.592401504516602,6508.314066349728,105.00833775264,10.012790871307274
115,5800,2.727945940907453,3.3842914593971525,3.3842914593971525,3.3842914593971525,2199.7894486081486,155.55107690593331,2295.082935684966,0.050486262340742515,7.9489665031433105,6.089452266693115,8315.867527963752,105.63224774718005,12.793642350713464
116,5850,2.727945940907453,5.701256238092561,5.701256238092561,5.701256238092561,3705.816554760165,126.27952926866665,3620.489764664939,27.34695972168775,10.521377563476562,6.810628414154053,9496.861033484276,108.04588759733997,14.610555436129651
117,5900,2.727945940907453,3.1173584641129737,3.1173584641129737,3.1173584641129737,2026.2830016734335,155.54775734913335,2636.2593418606853,0.058701657360252464,4.861293315887451,5.476908206939697,8953.10257354802,107.87233865618,13.774003959304643
118,5950,2.727945940907453,5.510474430758365,5.510474430758365,5.510474430758365,3581.808379992937,80.73463183636666,5234.509670907013,1.2901220851010589,5.078577041625977,5.568454265594482,6134.701463105681,109.11832657838002,9.438002250931815
119,6000,2.727945940907453,7.335523083601496,7.335523083601496,7.335523083601496,4768.090004340973,88.7360340503,5192.482294845208,15.357736761542382,9.015779495239258,6.114300727844238,7974.464310779889,102.35024215038,12.268406631969063
120,6050,2.727945940907453,5.003407233645084,5.003407233645084,5.003407233645084,3252.214701869304,118.39607264286664,4603.526195411891,14.848635678324731,5.27631139755249,6.417136192321777,5975.422064403179,110.18430375946002,9.192957022158735
121,6100,2.727945940907453,3.447947319211878,3.447947319211878,3.447947319211878,2241.165757487722,97.24443494780002,2605.6181800689565,13.1420990349418,5.487051963806152,6.435440540313721,10152.091947832181,102.28943210136002,15.61860299666489
122,6150,2.727945940907453,4.617218024919541,4.617218024919541,4.617218024919541,3001.1917161977017,155.56913458496672,3774.019959594179,0.08378641996632043,7.954253673553467,5.175229072570801,8298.352714346242,107.31817518744003,12.7666964836096
123,6200,2.727945940907453,4.498308159355735,4.498308159355735,4.498308159355735,2923.900303581227,154.7706188200667,2411.8805150658363,1.7246901495412952,4.304742813110352,5.838912487030029,5705.093511454902,107.43176362198002,8.777066940699845
124,6250,2.727945940907453,3.7812132703343138,3.7812132703343138,3.7812132703343138,2457.7886257173045,155.5569287552,3125.811867558655,0.0684467990553108,5.9465460777282715,6.190459251403809,5120.770925268373,108.01735582917998,7.878109115797496
125,6300,2.727945940907453,5.312699126420247,5.312699126420247,5.312699126420247,3453.2544321731607,155.57755593193332,4819.1327585791405,0.10441774027393773,7.0394206047058105,6.031494617462158,8238.009347737987,107.4392907889,12.673860534981511
126,6350,2.727945940907453,3.513804146312033,3.513804146312033,3.513804146312033,2283.9726951028215,142.1958898147667,3256.9268373925,9.08012265620852,4.773306846618652,6.235934734344482,5954.611850135508,109.71188589928,9.160941307900782
127,6400,2.727945940907453,5.48899685611221,5.48899685611221,5.48899685611221,3567.847956472937,152.78890934953336,4642.932443052372,3.748355774384069,10.857454299926758,6.303966045379639,8288.235634846566,111.69247188833997,12.751131745917794
128,6450,2.727945940907453,5.956182232372493,5.956182232372493,5.956182232372493,3871.5184510421195,155.58912113009998,4439.544773624344,0.09881660706619096,8.271027565002441,6.510885238647461,6762.242972744632,110.57215028425998,10.403450727299441
129,6500,2.727945940907453,4.350140337448547,4.350140337448547,4.350140337448547,2827.5912193415547,155.56655962773337,4650.56907394468,0.10675635319369384,11.452516555786133,6.361081123352051,8687.18546557845,108.70750708972,13.36490071627454
130,6550,2.727945940907453,4.901906728395988,4.901906728395988,4.901906728395988,3186.2393734573925,82.02377228219999,3601.519520892038,5.984030951723913,4.31955099105835,6.837559223175049,6380.462700339109,105.77224998102002,9.816096462060168
131,6600,2.727945940907453,4.5309623696203,4.5309623696203,4.5309623696203,2945.125540253195,103.43862946153334,4445.762737353449,17.00521750898736,5.446434497833252,6.667764663696289,8780.027985379931,110.68768009502003,13.507735362122968
132,6650,2.727945940907453,8.03446363702243,8.03446363702243,8.03446363702243,5222.401364064582,80.05714949143332,3213.981908286347,4.370195216720421,7.60947322845459,5.9675188064575195,6170.097218353527,109.84359089395998,9.492457259005429
133,6700,2.727945940907453,3.8978205484366906,3.8978205484366906,3.8978205484366906,2533.5833564838495,155.5606457839,3848.425143643223,0.09047707845277646,9.431207656860352,6.418257713317871,6380.531640657703,106.74218975811995,9.816202524088776
134,6750,2.727945940907453,5.1323160262405825,5.1323160262405825,5.1323160262405825,3336.0054170563785,155.57520175026664,4237.47313011299,0.09038070005274043,9.442854881286621,6.520240783691406,8237.952872676964,112.69017264301998,12.67377365027225
135,6800,2.727945940907453,4.8185216033318925,4.8185216033318925,4.8185216033318925,3132.039042165729,155.57114914996666,2847.8270885028123,0.06158617658549507,9.11656379699707,7.178317546844482,6856.40747340482,109.77787759217999,10.54831918985357
136,6850,2.727945940907453,4.310989673002955,4.310989673002955,4.310989673002955,2802.143287451922,86.09866960496667,3620.620260770068,14.647131326171229,3.040679454803467,5.909829139709473,9306.89319259027,113.31623982952001,14.318297219369647
137,6900,2.727945940907453,4.289463587126456,4.289463587126456,4.289463587126456,2788.151331632197,122.37468067463331,3706.1174921742036,9.361052111536807,4.711146354675293,6.50111722946167,9848.26684639403,111.88871773870005,15.151179763683121
138,6950,2.727945940907453,3.6919833232020496,3.6919833232020496,3.6919833232020496,2399.7891600813323,118.87628410280003,2124.3009434166174,16.40535043346731,3.1757547855377197,6.157668590545654,8932.814238448616,105.95227570424,13.742791136074798
139,7000,2.727945940907453,3.520161645712076,3.520161645712076,3.520161645712076,2288.10506971285,81.60154488943333,2140.8336916949625,1.3740214656225707,1.8105506896972656,5.458855152130127,9172.292431158863,106.39601715595998,14.11121912485979
140,7050,2.727945940907453,6.826496563677292,6.826496563677292,6.826496563677292,4437.22276639024,155.6007971588,4924.389186296948,0.10869007425894886,6.9760847091674805,6.329979419708252,6752.856313551476,112.12428243337999,10.389009713156122
141,7100,2.727945940907453,6.179447981503019,6.179447981503019,6.179447981503019,4016.641187976961,80.53961106519999,5352.319973449567,3.2535946547246435,7.199358940124512,6.885128498077393,8526.753973477731,109.71299234853997,13.11808303611959
142,7150,2.727945940907453,4.085485125135592,4.085485125135592,4.085485125135592,2655.565331338135,155.56078253753336,3855.768506214515,0.08494219061242526,10.855304718017578,7.027868270874023,5906.991035583511,110.18612933818002,9.087678516282326
143,7200,2.727945940907453,4.898896555513621,4.898896555513621,4.898896555513621,3184.282761083852,96.46952090323332,4401.3303002015045,14.961612818240425,4.451324462890625,6.380577564239502,7933.837434910365,109.33954043572001,12.205903746015947
144,7250,2.662615180883229,2.662615180883229,2.662615180883229,2.662615180883229,1730.6998675740986,84.27590723066666,1847.2529708994996,10.682107258799931,4.275123596191406,6.248039722442627,8274.25244741329,106.60061290899999,12.729619149866597
145,7300,2.662615180883229,8.512312087719057,8.512312087719057,8.512312087719057,5533.002857017388,87.16103559986666,7990.921171170451,16.51076724135932,3.324540138244629,6.089779376983643,8950.233364794609,110.86012119055998,13.769589791991708
146,7350,2.662615180883229,7.176897495686735,7.176897495686735,7.176897495686735,4664.983372196379,86.64377614503334,7374.642988933716,15.064333239979444,5.455307483673096,6.538362503051758,8171.891343589441,110.65575198257994,12.57214052859914
147,7400,2.662615180883229,3.5247270968034656,3.5247270968034656,3.5247270968034656,2291.072612922253,82.39830718886667,2505.794465158202,3.489312789181609,3.34824538230896,6.426389217376709,7085.143652032253,109.50686445243998,10.900221003126541
148,7450,2.662615180883229,6.846962684716347,6.846962684716347,6.846962684716347,4450.5257450656245,83.74792359616667,5078.848480168831,7.373397575210009,5.537564277648926,5.430525779724121,7971.936234408112,106.95609071489999,12.264517283704787
149,7500,2.662615180883229,5.0614582942904445,5.0614582942904445,5.0614582942904445,3289.9478912887894,83.42029109213333,3627.2075998575388,9.163772530954814,4.090289115905762,6.075660705566406,8185.497708688635,110.37232752783999,12.593073397982515
150,7550,2.662615180883229,5.3744685660437215,5.3744685660437215,5.3744685660437215,3493.404567928418,81.13535788493333,6982.127970737414,1.2334050762955613,4.4820451736450195,5.266285419464111,6251.62348064956,117.85069026472001,9.6178822779224
151,7600,2.566580129726103,2.566580129726103,2.566580129726103,2.566580129726103,1668.2770843219666,155.53901095483334,1893.1391598680002,0.0388899106956426,8.16912841796875,7.278409957885742,9464.262964406116,100.70511029599997,14.560404560624788
152,7650,2.566580129726103,6.562919213198663,6.562919213198663,6.562919213198663,4265.89748857913,144.8339649526,5556.669374948382,10.17326060196567,4.8858537673950195,5.116775989532471,5674.730825638211,110.17519266292,8.730355116366477
153,7700,2.566580129726103,8.772616324550958,8.772616324550958,8.772616324550958,5702.200610958121,115.66391896360004,5806.624732229452,18.17949121340289,6.33444881439209,6.695993900299072,6912.663448870753,109.25514864529995,10.634866844416546
154,7750,2.566580129726103,6.613101864767796,6.613101864767796,6.613101864767796,4298.516212099067,124.40093341596666,4886.759393848462,14.189867789504103,8.459061622619629,6.753635883331299,8022.391626986214,97.68474994460001,12.342140964594178
155,7800,2.566580129726103,13.638010076156212,13.638010076156212,13.638010076156212,8864.70654950154,81.00880495913333,4955.694598006381,2.8784808991874273,2.1427597999572754,6.618590831756592,6770.781692607114,104.04478550298,10.41658721939556
156,7850,2.566580129726103,5.662471921703712,5.662471921703712,5.662471921703712,3680.6067491074123,77.2513206185,4988.084995614839,5.127483286555291,7.137209415435791,5.372779846191406,8606.598720779126,107.12197250887999,13.240921108890959
157,7900,2.566580129726103,8.801946600907716,8.801946600907716,8.801946600907716,5721.265290590015,82.69243231830002,6408.597640258216,2.522214730420491,6.403112411499023,6.325893878936768,9586.240459294973,96.27178311981999,14.748062245069196
158,7950,2.566580129726103,3.31796017731701,3.31796017731701,3.31796017731701,2156.674115256057,124.75256416210003,2426.500512442259,9.121236640678909,10.426705360412598,5.928105354309082,7547.049564979895,106.11307625548001,11.610845484584452
159,8000,2.566580129726103,6.156581307799824,6.156581307799824,6.156581307799824,4001.7778500698855,150.70448277103333,4162.784347668269,5.704583695555489,3.997703790664673,6.447331428527832,10316.105586258742,104.5029865859,15.870931671167298
160,8050,2.566580129726103,4.2053964334070235,4.2053964334070235,4.2053964334070235,2733.5076817145655,155.56320465629997,2608.373061795796,0.05746023509473042,8.16196346282959,5.655456066131592,7559.04947669836,104.66824214448,11.629306887228244
161,8100,2.566580129726103,5.882800940339195,5.882800940339195,5.882800940339195,3823.8206112204775,79.54458302560002,2998.942923086127,12.728739528891648,1.4499802589416504,4.602987766265869,8034.314160615095,103.35335750712002,12.360483324023228
162,8150,2.566580129726103,4.417217083409412,4.417217083409412,4.417217083409412,2871.1911042161178,81.3174523329,3593.038622984805,3.7600824389562826,8.260499000549316,6.2377543449401855,8173.356297127453,106.05322852767999,12.574394303273005
163,8200,2.566580129726103,4.867543442660943,4.867543442660943,4.867543442660943,3163.903237729611,149.094073856,3796.106869231197,8.470767491853039,7.346779823303223,6.390546798706055,5649.43658764911,103.77533555872002,8.691440904075556
164,8250,2.566580129726103,5.613560783013846,5.613560783013846,5.613560783013846,3648.814508958999,155.58477436110005,4027.731367222819,0.09255604478469587,3.0786428451538086,5.608803749084473,9477.907334639156,102.91926900248005,14.581395899444859
165,8300,2.566580129726103,9.471913851152733,9.471913851152733,9.471913851152733,6156.744003249278,80.0856812112,6293.226318490006,3.039279725118767,4.315993309020996,6.271239280700684,7690.186507707839,101.68203407698002,11.831056165704368
166,8350,2.566580129726103,6.798375130421614,6.798375130421614,6.798375130421614,4418.943834774049,80.65259707236667,4878.214873478866,4.549768359316979,6.75328254699707,6.997729301452637,8804.525791234168,102.90238453459999,13.545424294206411
167,8400,2.566580129726103,4.770014339285884,4.770014339285884,4.770014339285884,3100.509320535825,97.86358908689999,2897.4515591357217,15.669130999476845,6.090075969696045,6.071645736694336,8540.414655499959,96.08745564180005,13.139099469999936
168,8450,2.566580129726103,5.892319067891653,5.892319067891653,5.892319067891653,3830.007394129573,79.63191639620001,3893.1050429274437,3.9244180624616103,5.312253952026367,6.186211109161377,6776.449539622985,101.00430769730002,10.425306984035364
169,8500,2.566580129726103,5.043543858190892,5.043543858190892,5.043543858190892,3278.3035078240787,76.33413299843333,3618.2601938129324,4.816218517833514,4.848535537719727,6.5690789222717285,6550.672015779265,100.26230555642002,10.077956947352716
170,8550,2.566580129726103,4.4132716187505805,4.4132716187505805,4.4132716187505805,2868.6265521878763,80.91870728246666,3336.1505917817003,0.6014065652306454,6.217813491821289,6.318700313568115,8972.48741583476,101.10495989076004,13.803826793591936
171,8600,2.566580129726103,5.363646681498911,5.363646681498911,5.363646681498911,3486.370342974292,80.63474626736668,3770.8294779391385,13.906348860379417,4.553314685821533,6.687250137329102,8866.459792404241,103.07473848238004,13.640707372929596
172,8650,2.566580129726103,2.662867829870778,2.662867829870778,2.662867829870778,1730.8640894160062,155.5404688023667,1956.6729730249856,0.04180620127051959,4.366047382354736,6.34586763381958,5569.023239657941,104.61660698747995,8.567728061012218
173,8700,2.566580129726103,3.6014031396262722,3.6014031396262722,3.6014031396262722,2340.9120407570763,155.55500644576665,3023.989077992829,0.0674229922590284,4.7333478927612305,6.328582286834717,7639.114279533774,105.85963831562002,11.752483506975041
174,8750,2.566580129726103,4.3829696388643775,4.3829696388643775,4.3829696388643775,2848.930265261845,115.19914800753332,3077.9512253745493,15.265362732089866,3.9766719341278076,6.657012462615967,8830.899503958246,108.99268765573999,13.585999236858841
175,8800,2.566580129726103,7.2411545038030365,7.2411545038030365,7.2411545038030365,4706.750427471972,78.47299401176666,6752.593648020147,4.902843851190101,11.041271209716797,7.111267566680908,6335.9771263287985,105.54107651920003,9.747657117428918
176,8850,2.566580129726103,3.948806272662531,3.948806272662531,3.948806272662531,2566.7240772306454,112.59861939783335,3667.9595023145434,17.45330136264787,6.2798919677734375,6.383839130401611,5859.814273040948,107.42831759464,9.015098881601455
177,8900,2.566580129726103,8.233918913555119,8.233918913555119,8.233918913555119,5352.047293810825,106.28883912639998,6275.396530344418,23.015780126891222,4.527411460876465,7.067519664764404,10172.722580510883,97.98450910514002,15.650342431555208
178,8950,2.566580129726103,5.519834076592625,5.519834076592625,5.519834076592625,3587.892149785207,109.7410588288,6608.324035588954,6.236072354697587,5.624425411224365,5.9916791915893555,5938.054365887678,98.53511026576001,9.135468255211816
179,9000,2.566580129726103,3.8847920625093737,3.8847920625093737,3.8847920625093737,2525.114840631092,105.82346535296665,2888.37353326218,13.248331223137482,9.420648574829102,7.620717525482178,10222.215212239747,101.54370787427999,15.726484941907302
180,9050,2.566580129726103,4.1824084064409535,4.1824084064409535,4.1824084064409535,2718.56546418662,155.56324193970008,3159.63656883644,0.07038255236468975,5.868679523468018,6.777587890625,9549.727136683072,101.61178146741999,14.691887902589341
181,9100,2.566580129726103,3.9107066907212595,3.9107066907212595,3.9107066907212595,2541.959348968818,122.06801799709999,3147.576297420991,7.014096088259533,5.765838623046875,5.980116844177246,6536.149035758173,103.38290067896,10.055613901166419
182,9150,2.566580129726103,4.394980362317624,4.394980362317624,4.394980362317624,2856.7372355064554,115.79641586846665,3516.2958442044046,17.293468599361063,8.432077407836914,6.778820514678955,9402.80282082383,103.74863892652002,14.465850493575124
183,9200,2.566580129726103,3.9977524425236273,3.9977524425236273,3.9977524425236273,2598.5390876403576,155.56104610059998,3576.4982248941637,0.0797576868561073,3.572371244430542,5.99175500869751,9566.339498394145,94.84433507892001,14.717445382144836
184,9250,2.566580129726103,6.246404954976602,6.246404954976602,6.246404954976602,4060.1632207347916,91.20919716930001,4811.161628947248,17.58584736710173,2.857243537902832,6.329033374786377,6761.12763490476,104.82901528805998,10.401734822930402
185,9300,2.566580129726103,5.815164794626649,5.815164794626649,5.815164794626649,3779.8571165073217,81.03094698719997,3453.7396834167907,0.7636817329192165,3.924229145050049,5.786236763000488,10871.821211403312,95.63082989137997,16.725878786774324
186,9350,2.566580129726103,5.96688520175211,5.96688520175211,5.96688520175211,3878.475381138872,80.82867386813334,2987.862065135624,0.7624542284478109,5.160614013671875,6.091797828674316,6921.282631922242,100.51295743902001,10.648127126034217
187,9400,2.566580129726103,4.7664432762242654,4.7664432762242654,4.7664432762242654,3098.188129545772,155.57000696346662,3161.838937801224,0.06781822010715399,2.801372766494751,5.547928333282471,10654.133752190897,96.00156957355999,16.390975003370617
188,9450,2.566580129726103,10.385537787230707,10.385537787230707,10.385537787230707,6750.599561699959,81.37061518086668,3518.895022489273,1.897100589133419,4.0297441482543945,7.273101806640625,8484.459690144362,96.84502468382001,13.0530149079144
189,9500,2.566580129726103,4.832242944477459,4.832242944477459,4.832242944477459,3140.9579139103485,116.60206741563334,4304.283303963969,13.339348456613312,3.745744466781616,5.722784042358398,9284.58853547519,99.90387976422,14.283982362269523
190,9550,2.566580129726103,4.069234114578721,4.069234114578721,4.069234114578721,2645.002174476169,155.56073082223332,3302.520934129845,0.07198689789421127,3.502851724624634,5.9746246337890625,7100.410666633647,101.61345983390001,10.923708717897917
191,9600,2.566580129726103,7.128476628483097,7.128476628483097,7.128476628483097,4633.509808514012,155.10429727683334,7619.318214081826,2.536442470515055,6.284665584564209,6.4311699867248535,11206.207442466071,94.06537234961999,17.24031914225549
192,9650,2.566580129726103,3.663704198502913,3.663704198502913,3.663704198502913,2381.4077290268933,139.10808229499997,3744.8660637446815,7.587672374440442,5.71396541595459,6.36354398727417,8963.668187229714,104.45436761984,13.790258749584172
193,9700,2.566580129726103,15.18954700637501,15.18954700637501,15.18954700637501,9873.205554143755,81.04598075583334,5892.063985563631,1.4085777140415319,5.682140827178955,6.058291912078857,12022.206936265908,99.99069202149998,18.49570297887062
194,9750,2.566580129726103,4.575847638090602,4.575847638090602,4.575847638090602,2974.3009647588915,84.7078091972,3657.1449674725995,11.138675347089553,3.4739480018615723,6.352032661437988,9890.33586028581,98.86657008116002,15.21590132351663
195,9800,2.566580129726103,6.673188506141111,6.673188506141111,6.673188506141111,4337.572528991721,79.5622857932,5566.169292116802,4.115538589481821,15.416315078735352,6.674904823303223,6601.422629057558,107.69009700554001,10.156034813934703
196,9850,2.566580129726103,4.000989632293885,4.000989632293885,4.000989632293885,2600.643260991025,111.70351529283333,3642.724485134343,11.382404604823456,2.1878297328948975,6.975677967071533,6208.65964874332,101.59233635473994,9.551784074989722
197,9900,2.566580129726103,4.671814677580495,4.671814677580495,4.671814677580495,3036.6795404273225,94.07603043953334,6433.164641188574,8.686799699923279,3.771631956100464,6.100269794464111,10068.041250289685,100.49305532742,15.489294231214897
198,9950,2.566580129726103,7.387515762039316,7.387515762039316,7.387515762039316,4801.885245325556,88.53843883896666,4780.993822759979,18.89913706132128,2.2892837524414062,6.116358757019043,11832.065542310795,95.98998758873996,18.20317775740122
199,10000,2.566580129726103,6.201563412162741,6.201563412162741,6.201563412162741,4031.0162179057816,110.93884377659998,5133.865886868209,17.701033496127817,10.351333618164062,8.664351463317871,12054.48061328383,103.70338547029998,18.545354789667424
200,10050,2.566580129726103,7.368286109008508,7.368286109008508,7.368286109008508,4789.385970855531,75.95880349796668,3567.523798182183,15.826256597109152,8.521782875061035,7.521614074707031,9223.96393571421,100.64957400876,14.190713747252628
201,10100,2.566580129726103,4.403670791078216,4.403670791078216,4.403670791078216,2862.386014200841,155.56567350449996,4081.76315034664,0.08941903278710475,4.241673946380615,6.957216739654541,7784.52104522216,111.25330614216,11.976186223418708
202,10150,2.566580129726103,5.77784920431026,5.77784920431026,5.77784920431026,3755.60198280167,149.7078873838333,5577.109702991873,7.911233859755631,3.5946409702301025,7.121436595916748,8935.90468326212,108.28918726304003,13.747545666557116
203,10200,2.566580129726103,8.476286397412913,8.476286397412913,8.476286397412913,5509.586158318392,83.88170890026666,7934.23861771899,5.804516019913424,2.913619041442871,7.102050304412842,9805.759711819188,104.84249093261998,15.085784172029522
204,10250,2.566580129726103,5.030067166625753,5.030067166625753,5.030067166625753,3269.5436583067394,84.31723386123333,3216.688303208778,9.101748152025772,6.868290901184082,7.785426139831543,10228.817115483964,106.65149019294,15.73664171612918
205,10300,2.566580129726103,6.462528393517798,6.462528393517798,6.462528393517798,4200.64345578657,155.59513629193336,4316.177194663928,0.09398913291856052,6.352356433868408,8.704085350036621,8606.108056029076,100.80768279344002,13.240166240044736
206,10350,2.566580129726103,4.104099215382688,4.104099215382688,4.104099215382688,2667.664489998747,155.56165515823338,3003.8507544920135,0.06615694155492612,3.6104612350463867,6.2499613761901855,9331.818251205901,104.94411623570001,14.356643463393688
207,10400,2.566580129726103,5.1769077999242334,5.1769077999242334,5.1769077999242334,3364.990069950752,81.11981921353332,3553.6302653366115,0.9498655499244124,2.656022548675537,7.670877933502197,9697.624220635722,109.01196550649998,14.919421877901103
208,10450,2.566580129726103,2.700763863414776,2.700763863414776,2.700763863414776,1755.4965112196044,155.5413096769,2296.570360116144,0.05048892446681281,3.638178825378418,7.402500629425049,4661.446099178499,110.09229553616,7.171455537197696
209,10500,2.566580129726103,8.006470969963596,8.006470969963596,8.006470969963596,5204.206130476336,80.95776659879999,4481.4129541168595,1.2767183748641429,4.857637405395508,7.001116752624512,7368.8170107449805,102.8650997962,11.336641554992275
210,10550,2.566580129726103,4.069905029071385,4.069905029071385,4.069905029071385,2645.4382688964006,84.20142549163333,2817.5351334755633,1.3174843389950217,9.140840530395508,8.99679183959961,9280.170210939508,104.35148807818001,14.277184939906936
211,10600,2.566580129726103,6.4449493097169475,6.4449493097169475,6.4449493097169475,4189.217051316017,136.55853126510002,4453.226932896272,6.287785151856088,7.509422302246094,7.8930230140686035,7199.037345024802,109.74832137332,11.075442069268924
212,10650,2.566580129726103,3.2688651886551954,3.2688651886551954,3.2688651886551954,2124.762372625877,155.5506082655,2020.496642186738,0.045755210287732745,7.624533653259277,8.671616554260254,5827.322125373986,111.01809227152,8.965110962113824
213,10700,2.566580129726103,6.649184139409368,6.649184139409368,6.649184139409368,4321.969690616088,121.31171038933331,5833.286807629327,10.464841102666355,3.771808624267578,7.324005126953125,7433.455981685835,113.93568663330001,11.436086125670514
214,10750,2.566580129726103,5.3236825229592695,5.3236825229592695,5.3236825229592695,3460.3936399235254,118.7044129873,4051.9289971159747,13.605224482277235,3.979860782623291,7.779853820800781,5502.863794246917,111.4947678103,8.465944298841412
215,10800,2.566580129726103,4.859246489057985,4.859246489057985,4.859246489057985,3158.510217887689,86.10589949336666,4160.069327483322,5.08728678585111,3.2935309410095215,6.534456729888916,5792.0908649056255,108.93290049376,8.910909022931735
216,10850,2.566580129726103,5.058078418086023,5.058078418086023,5.058078418086023,3287.750971755914,88.30128742469999,5140.532798214914,13.252954817874626,2.945955514907837,6.94954252243042,3452.078895465025,110.55208810393998,5.310890608407729
217,10900,2.566580129726103,5.496662621135331,5.496662621135331,5.496662621135331,3572.8307037379645,131.85950654706667,5157.684566321899,14.61670498996785,9.133251190185547,6.974697589874268,6292.179376256957,110.20056230456004,9.680275963472244
218,10950,2.566580129726103,4.667916815262235,4.667916815262235,4.667916815262235,3034.145929920454,155.5696010715,4014.1853154361384,0.08815537134993078,6.316279888153076,7.5247697830200195,9032.336613192982,109.12666962525996,13.895902481835353
219,11000,2.566580129726103,4.2882995252510625,4.2882995252510625,4.2882995252510625,2787.394691413191,155.5647661953,2957.853413694801,0.06607962279190019,5.354464054107666,7.649413585662842,7104.264060425407,110.39752900413998,10.929637016039088
220,11050,2.566580129726103,3.878583933581531,3.878583933581531,3.878583933581531,2521.0795568279955,155.55837663893334,3062.825744092558,0.06771770791579541,3.569209098815918,7.767353534698486,7399.233396130122,110.64766829339999,11.38343599404634
221,11100,2.566580129726103,6.225752438310282,6.225752438310282,6.225752438310282,4046.7390849016833,138.6474455786,6988.013354790794,3.713219447451344,8.560420989990234,9.630350112915039,8046.098704278612,118.07997045543999,12.378613391197861
222,11150,2.566580129726103,7.0302914558495475,7.0302914558495475,7.0302914558495475,4569.689446302205,85.0508779512,6910.007377608859,1.5215414731232555,5.352882385253906,7.391266822814941,6699.113721467123,109.85029112694001,10.306328802257108
223,11200,2.566580129726103,3.6323473684869922,3.6323473684869922,3.6323473684869922,2361.0257895165455,155.55347946039998,3962.9020406094824,0.08477826194453374,2.3728654384613037,8.000953674316406,4492.137112057584,111.94786630846006,6.910980172396283
224,11250,2.566580129726103,5.138211291154002,5.138211291154002,5.138211291154002,3339.8373392501016,81.62932191376666,3140.6448583559477,2.4998438889908488,3.028567314147949,8.55019474029541,6800.521636659696,108.47890016866,10.462340979476453
225,11300,2.566580129726103,5.5962879402664125,5.5962879402664125,5.5962879402664125,3637.5871611731686,80.83058130513332,3173.071256447344,0.08101181391127085,3.682537078857422,8.437735557556152,5383.194846343965,108.91595182104001,8.28183822514456
226,11350,2.566580129726103,5.32740990404895,5.32740990404895,5.32740990404895,3462.816437631817,81.92994131723331,4486.145270302703,3.140409305611606,5.015369892120361,7.721170902252197,6540.836814508887,114.14829492402,10.06282586847521
227,11400,2.566580129726103,5.5349785394033235,5.5349785394033235,5.5349785394033235,3597.7360506121604,130.56613266713333,5543.477268561652,3.6190393868648645,5.8503241539001465,7.648604393005371,8034.534253420221,109.87562638513998,12.360821928338803
228,11450,2.566580129726103,7.843534990109855,7.843534990109855,7.843534990109855,5098.2977435714065,80.66052129916667,4606.497380522886,3.0203316771861815,2.8341012001037598,8.054464340209961,9439.189798157186,110.22119421838005,14.521830458703365
229,11500,2.566580129726103,16.396649993978922,16.396649993978922,16.396649993978922,10657.822496086297,81.24667701873334,5472.928683370483,0.9073860200410315,11.39090633392334,9.657580375671387,4649.097932705453,111.89071717180008,7.152458358008388
230,11550,2.566580129726103,5.423406523766265,5.423406523766265,5.423406523766265,3525.214240448072,135.44965415613333,3912.791183043171,1.9115497023418253,4.971184253692627,7.700735092163086,7159.015704263459,109.37698848048004,11.013870314251479
231,11600,2.566580129726103,5.222960127142439,5.222960127142439,5.222960127142439,3394.9240826425853,154.886584349,6234.8851662828865,3.616076892415832,4.324545860290527,8.47946548461914,6271.444410543849,114.57940050242001,9.648376016221306
232,11650,2.566580129726103,5.255925512482393,5.255925512482393,5.255925512482393,3416.3515831135564,81.63278875873331,3049.7651538448044,1.3958827830868028,8.780596733093262,8.011547088623047,7478.019429996464,111.17932200634,11.504645276917637
233,11700,2.566580129726103,4.186990236374457,4.186990236374457,4.186990236374457,2721.543653643397,85.79793456733336,5303.6454882541,9.790701892189604,3.9766056537628174,7.117663383483887,6314.047923935934,112.41697326537997,9.713919882978358
234,11750,2.566580129726103,4.905753394090114,4.905753394090114,4.905753394090114,3188.7397061585743,155.57179585966665,3681.0088794684607,0.07699770176587457,10.43366813659668,8.97957992553711,10297.18603472459,114.42277055160002,15.841824668807057
235,11800,2.566580129726103,4.676702122785922,4.676702122785922,4.676702122785922,3039.85637981085,155.56979735313337,5304.380963879688,0.11609311143846912,3.667489767074585,6.859646797180176,5907.193909692972,114.07675462358002,9.087990630296883
236,11850,2.566580129726103,5.313771860015181,5.313771860015181,5.313771860015181,3453.9517090098684,85.0187090774,5391.868544166729,4.540067459711878,6.354104042053223,6.943414688110352,5869.027834703815,112.52149791106004,9.029273591852023
237,11900,2.566580129726103,4.945670086562087,4.945670086562087,4.945670086562087,3214.685556265355,151.28736531183338,3135.0945912900725,1.7775828456238623,8.357122421264648,7.0741448402404785,6248.2584319500265,107.43200789216,9.612705279923114
238,11950,2.566580129726103,5.641628225136759,5.641628225136759,5.641628225136759,3667.0583463388934,155.58272905069995,5072.371497720685,0.10634581738450394,7.416604995727539,9.598793029785156,7936.421232619093,111.14682331535997,12.209878819413984
239,12000,2.566580129726103,5.201485454864025,5.201485454864025,5.201485454864025,3380.965545661616,155.57502712966667,4643.246222463585,0.09788805120365052,7.574981212615967,7.701537609100342,5857.103333265391,104.45248931585998,9.01092820502368
240,12050,2.566580129726103,5.232133179346809,5.232133179346809,5.232133179346809,3400.8865665754274,80.93097551606665,3227.133734849732,0.5861475904082825,4.502649307250977,8.071486473083496,6656.095258546552,110.44695017496001,10.240146551610076
241,12100,2.566580129726103,7.767123403749047,7.767123403749047,7.767123403749047,5048.630212436881,81.15596389553333,3111.731980419246,0.9170141976791333,4.243995666503906,8.019903182983398,10057.141172226591,104.96859561216003,15.472524880348603
242,12150,2.566580129726103,7.465475548982852,7.465475548982852,7.465475548982852,4852.559106838855,81.8515075917,4650.365381275032,2.1120109669989384,8.937358856201172,8.15921688079834,9325.189947553592,105.12853088122003,14.346446073159369
243,12200,2.566580129726103,4.848366837523147,4.848366837523147,4.848366837523147,3151.438444390046,155.57080170799998,3734.6310320878083,0.07995901504816308,6.240918159484863,8.88430118560791,10486.672205050994,106.89342275359996,16.13334185392461
244,12250,2.566580129726103,6.039366750963799,6.039366750963799,6.039366750963799,3925.5883881264704,155.5893384983,4460.4175555984975,0.10016317733640384,1.9859942197799683,7.881749153137207,5110.027342651157,107.59552736687998,7.861580527155626
245,12300,2.566580129726103,3.9884926115786214,3.9884926115786214,3.9884926115786214,2592.5201975261034,90.8748436264667,3659.0810349425265,13.721533698845828,4.249939918518066,7.846633434295654,11136.791345758265,112.28664437760003,17.1335251473204
246,12350,2.566580129726103,5.86285181756932,5.86285181756932,5.86285181756932,3810.8536814200593,83.33663482760001,4344.720742482519,1.4152313593415882,4.709836959838867,8.92680549621582,9092.058200501599,108.89194145886006,13.987781846925532
247,12400,2.566580129726103,4.663845349926201,4.663845349926201,4.663845349926201,3031.4994774520314,155.5690300490667,4170.399336785706,0.09151023808014049,4.052128314971924,7.218108177185059,6627.421260772557,110.33135135610001,10.19603270888086
248,12450,2.566580129726103,3.901457893542565,3.901457893542565,3.901457893542565,2535.9476308026674,83.50080283323331,2996.476016556777,1.6585532421319862,6.183259963989258,9.011235237121582,9350.53216581892,107.17165483878003,14.385434101259875
249,12500,2.566580129726103,5.42453841579243,5.42453841579243,5.42453841579243,3525.949970265081,81.03153447153333,3599.8341846547805,0.8147555372651384,3.191479206085205,9.323843955993652,9605.39940071048,103.94104415981998,14.77753753955458
250,12550,2.566580129726103,4.222546063682169,4.222546063682169,4.222546063682169,2744.6549413934104,155.56226762976667,3829.134170118267,0.08110995860632217,2.115149736404419,7.879093647003174,8192.837387819662,114.54511622008002,12.604365212030245
251,12600,2.566580129726103,4.500847322178376,4.500847322178376,4.500847322178376,2925.550759415944,81.41684204966668,3191.9149140003888,1.268917635945273,5.214737415313721,9.467897415161133,4309.893696936836,114.63636314662,6.630605687595133
252,12650,2.566580129726103,3.8651535354419346,3.8651535354419346,3.8651535354419346,2512.3497980372576,148.78000181123335,2517.422996807535,4.613312909108977,2.1196961402893066,8.237603187561035,6926.205103376335,112.13266182286002,10.655700159040512
253,12700,2.566580129726103,6.3302998744370775,6.3302998744370775,6.3302998744370775,4114.694918384102,135.05890000353335,6655.197745469044,13.196364212760372,4.633923530578613,7.960352420806885,7868.808557776422,106.11192850957997,12.105859319656036
254,12750,2.566580129726103,4.858540037988836,4.858540037988836,4.858540037988836,3158.051024692744,83.91384890676666,3809.240605275033,7.338681217994629,1.7656630277633667,6.745075702667236,7834.837925903145,104.85405023281997,12.053596809081762
255,12800,2.566580129726103,4.2924146601722954,4.2924146601722954,4.2924146601722954,2790.069529111992,136.82529577523334,3033.4071628636902,11.007245458301396,5.579555988311768,8.007741928100586,7604.784202694308,109.87304442394003,11.699668004145087
256,12850,2.566580129726103,6.358564589524119,6.358564589524119,6.358564589524119,4133.066983190677,124.8984392313,4736.507611506628,17.07476591681849,1.6681559085845947,7.1070756912231445,5772.031146608368,107.55652876626003,8.880047917859027
257,12900,2.566580129726103,5.249156228203344,5.249156228203344,5.249156228203344,3411.951548332175,143.41633993376664,4066.31304179584,9.488584351064292,2.074907064437866,6.710567951202393,9116.250426556371,109.55281038646001,14.025000656240575
258,12950,2.566580129726103,3.789014879229074,3.789014879229074,3.789014879229074,2462.859671498898,81.00673129990001,3513.4814937554625,1.518061301045763,5.359435081481934,7.722478866577148,8619.566360713143,111.45272536509998,13.260871324174063
259,13000,2.566580129726103,41.20903410809153,41.20903410809153,41.20903410809153,26785.872170259492,80.2906874476,6311.29371003853,1.371419326544238,7.497584342956543,7.444246292114258,12110.461500719073,105.61240446694002,18.6314792318755
260,13050,2.566580129726103,6.066148246774189,6.066148246774189,6.066148246774189,3942.9963604032228,155.5902275657334,4729.267697861274,0.10496086543629317,3.8230345249176025,5.8572187423706055,5784.604531777429,108.03834632850003,8.899391587349891
261,13100,2.566580129726103,14.307105357467261,14.307105357467261,14.307105357467261,9299.618482353717,81.14910064006668,6217.838672561162,1.0000573563471409,3.318154811859131,6.342120170593262,7986.534009552285,106.70253806674003,12.28697539931121
262,13150,2.566580129726103,5.334870423020967,5.334870423020967,5.334870423020967,3467.6657749636292,81.71853804263333,3066.156660240418,3.143002465360164,3.7981390953063965,6.82531213760376,5904.675605344885,112.20440477385996,9.084116315915205
263,13200,2.566580129726103,7.460789428235196,7.460789428235196,7.460789428235196,4849.513128352877,78.85224831236668,3531.0775362229465,8.49421158636686,4.736119270324707,9.41984748840332,12089.777107361935,105.95922002175999,18.59965708824914
264,13250,2.566580129726103,4.28692079747633,4.28692079747633,4.28692079747633,2786.498518359615,155.5642769242333,3746.6822064538505,0.08322942007150634,6.001769542694092,9.823347091674805,6164.903075828532,105.22412567673997,9.484466270505429
265,13300,2.566580129726103,17.484333231138894,17.484333231138894,17.484333231138894,11364.81660024028,80.58309039386667,4202.872699680687,6.161627775178723,5.757798194885254,8.179698944091797,9926.693263143137,102.25027204504,15.271835789450984
266,13350,2.566580129726103,4.220560792787866,4.220560792787866,4.220560792787866,2743.3645153121124,88.7890635317,3166.810387438572,1.339134821301059,2.6590194702148438,7.739882946014404,9933.53812002131,108.36965133036,15.282366338494324
267,13400,2.566580129726103,12.989523208069176,12.989523208069176,12.989523208069176,8443.190085244963,80.51054277280001,4352.614133254749,1.7213410879353448,3.211381196975708,8.152083396911621,10440.382021449392,102.70104420142003,16.062126186845216
268,13450,2.566580129726103,3.8750568068212248,3.8750568068212248,3.8750568068212248,2518.786924433797,82.10212192163333,3471.8740118451465,1.8972551807765494,3.492767095565796,7.716370582580566,6079.025882555825,106.42178474605998,9.35234751162435
269,13500,2.566580129726103,9.322985751451661,9.322985751451661,9.322985751451661,6059.940738443578,82.38550861193336,5557.984843445571,1.6750817452607856,3.250692129135132,9.365198135375977,6921.920487304165,109.54867292081995,10.649108442006408
270,13550,2.566580129726103,6.325376491849879,6.325376491849879,6.325376491849879,4111.49471970242,155.59521107036664,4554.336152737471,0.10399857261026682,7.652895450592041,8.807225227355957,8990.1276587048,107.26470736295998,13.830965628776617
271,13600,2.566580129726103,38.78441219441841,38.78441219441841,38.78441219441841,25209.867926371968,75.20919285856667,4476.404447776902,5.296643252604943,9.78123664855957,10.36048412322998,7504.9904739487365,106.70082730258,11.546139190690361
272,13650,2.566580129726103,11.10979956621303,11.10979956621303,11.10979956621303,7221.369718038472,81.2941124877,5657.421072261991,1.2521514695767113,9.306188583374023,11.979028701782227,9197.66378075561,111.6443591172,14.150251970393253
273,13700,2.566580129726103,3.5396678848851733,3.5396678848851733,3.5396678848851733,2300.784125175363,155.55302774060002,3317.64013096767,0.0700789735665292,4.605445384979248,7.661766052246094,7934.905261955888,116.20604441992002,12.20754655685521
274,13750,2.566580129726103,6.510711035223285,6.510711035223285,6.510711035223285,4231.962172895138,140.84464423656664,5416.738282813302,10.623813179123305,5.6294331550598145,8.54798698425293,10177.166424921192,108.80502441466,15.657179115263368
275,13800,2.566580129726103,5.199813496131276,5.199813496131276,5.199813496131276,3379.87877248533,106.44448605723336,3743.379255307914,3.3998776895416007,7.431020736694336,8.528901100158691,8551.115455622374,110.31163601626,13.155562239419037
276,13850,2.566580129726103,4.236388922935523,4.236388922935523,4.236388922935523,2753.6527999080904,104.83248323846666,2285.2931703495,0.5566484923988884,3.378305196762085,8.438335418701172,7241.531704218074,108.84805959356,11.140818006489347
277,13900,2.566580129726103,4.567154811335251,4.567154811335251,4.567154811335251,2968.650627367913,155.57031351446668,3301.0200549094793,0.0755222808998024,1.8717732429504395,7.235965251922607,6992.64817932975,106.80124871527998,10.757920275891925
278,13950,2.566580129726103,3.5269567953870293,3.5269567953870293,3.5269567953870293,2292.5219170015694,155.5545530931,2313.9125414537552,0.05366385837097832,3.014754056930542,8.86922836303711,8403.059798867893,104.80107794464,12.927784305950608
279,14000,2.566580129726103,4.627479158364805,4.627479158364805,4.627479158364805,3007.861452937125,84.20990613723338,4116.466560190402,1.5390430259091252,4.08200740814209,9.729278564453125,6749.126824968186,107.15923288153999,10.383272038412597
280,14050,2.566580129726103,4.330828775288239,4.330828775288239,4.330828775288239,2815.038703937357,146.19567755263333,3320.2657184404484,4.348882538534337,5.618651866912842,10.303329467773438,11919.243729298678,102.80210720219999,18.33729804507489
281,14100,2.566580129726103,4.382695181942711,4.382695181942711,4.382695181942711,2848.7518682627624,81.21376066276666,3930.7206329205346,1.0306458862845402,7.592198371887207,8.684679985046387,6879.037330455512,110.08872107968,10.583134354546942
282,14150,2.566580129726103,4.026976044885782,4.026976044885782,4.026976044885782,2617.5344291757588,109.0165233619,2957.774384108364,2.8877366490848573,5.291800498962402,8.446427345275879,10043.38415065193,106.89007263717998,15.451360231772194
283,14200,2.566580129726103,3.9730691077391733,3.9730691077391733,3.9730691077391733,2582.494920030462,155.2617638919667,2886.2032670093254,0.8495041086457154,4.262338161468506,9.300790786743164,9579.576932132146,100.72816056898002,14.737810664818692
284,14250,2.566580129726103,3.57501732508198,3.57501732508198,3.57501732508198,2323.761261303288,83.8947514307,2197.2578366581906,0.9707038722660031,5.429981708526611,9.522774696350098,7595.049890509,109.81873628725997,11.684692139244616
285,14300,2.566580129726103,4.773850795624353,4.773850795624353,4.773850795624353,3103.003017155829,94.87819765433332,4355.756704641528,5.192880317060018,3.104858875274658,8.454784393310547,12330.80889678886,108.29315979131997,18.970475225829013
286,14350,2.566580129726103,5.617504021865651,5.617504021865651,5.617504021865651,3651.377614212673,102.46634030056663,6304.909087217401,6.5085293790605565,3.372555732727051,9.050668716430664,8077.053100250911,104.75065315749998,12.426235538847552
287,14400,2.566580129726103,7.653671936316671,7.653671936316671,7.653671936316671,4974.886758605836,81.24450992629998,3719.3956204682368,1.0256527156460025,4.030817985534668,10.081911087036133,8775.265188111442,104.33802969394,13.500407981709914
288,14450,2.566580129726103,5.559638703804264,5.559638703804264,5.559638703804264,3613.7651574727706,81.71943203270003,3891.233829948301,2.109248450608819,6.477867126464844,8.60171890258789,9731.25781705212,104.67032701061999,14.971165872387871
289,14500,2.566580129726103,4.172207540119919,4.172207540119919,4.172207540119919,2711.9349010779465,155.56288914903337,4327.873373391761,0.09707013119355455,4.859210014343262,8.879501342773438,9699.945833275484,99.38494382949997,14.922993589654586
290,14550,2.566580129726103,5.362980161244506,5.362980161244506,5.362980161244506,3485.9371048089297,108.53611362719998,4756.895992824816,11.836519901812935,4.457738876342773,8.685181617736816,6841.055907526703,108.83510303358005,10.524701396194926
291,14600,2.566580129726103,3.1206990192264064,3.1206990192264064,3.1206990192264064,2028.4543624971639,155.54795082913333,2192.6582817344997,0.04929835458795239,6.04266881942749,9.29588508605957,10087.465476743326,99.58850058220003,15.519177656528194
292,14650,2.566580129726103,3.8055765487977706,3.8055765487977706,3.8055765487977706,2473.6247567185505,94.56170536143333,2574.8985096017345,1.4096268178188456,2.0977604389190674,8.731595039367676,6054.142516650962,113.35494604167998,9.314065410232244
293,14700,2.566580129726103,3.301051579944286,3.301051579944286,3.301051579944286,2145.6835269637863,96.64572420883333,2463.886582185894,1.9675943377705454,3.440473794937134,8.647177696228027,6552.258696584402,104.52327737516002,10.080397994745232
294,14750,2.566580129726103,3.4274418485229075,3.4274418485229075,3.4274418485229075,2227.83720153989,155.5525646192,1907.0588328016433,0.042747007257158465,6.368157386779785,10.889548301696777,6483.620791853937,104.22597289062,9.974801218236827
295,14800,2.566580129726103,5.73759918802717,5.73759918802717,5.73759918802717,3729.4394722176608,94.29112296473336,6378.608495199754,8.591271543052857,7.086023330688477,8.888195037841797,7234.99786410724,110.76334173562,11.130765944780366
296,14850,2.566580129726103,5.449508666330701,5.449508666330701,5.449508666330701,3542.1806331149546,155.48005233436663,4384.974059884591,0.49030681214749605,2.4355528354644775,8.731173515319824,8927.846992597111,106.07611142491996,13.73514921938017
297,14900,2.566580129726103,5.424794975630274,5.424794975630274,5.424794975630274,3526.1167341596783,85.02267941859999,3599.698973992293,1.4469713216846016,8.779203414916992,11.827607154846191,11362.998798146187,114.50555685337999,17.481536612532597
298,14950,2.566580129726103,3.9082912991844028,3.9082912991844028,3.9082912991844028,2540.389344469861,92.97009584683335,2457.178458877129,1.2771970759949143,5.30987024307251,9.879255294799805,6943.278546219453,111.35774270684,10.681966994183776
299,15000,2.566580129726103,3.5465876682325703,3.5465876682325703,3.5465876682325703,2305.2819843511706,155.0557507919,2170.07505130931,1.130199380124563,1.8694040775299072,7.785653114318848,6454.3578766043065,108.11763325048001,9.929781348622011
300,15050,2.566580129726103,8.940673241317874,8.940673241317874,8.940673241317874,5811.437606856619,80.97493565326667,3058.9873079239665,2.422374984564815,7.153443336486816,11.075403213500977,7122.651928766818,110.81157053399998,10.957926044256645
301,15100,2.566580129726103,6.6512996937499675,6.6512996937499675,6.6512996937499675,4323.344800937478,155.59745913063333,6462.817427824822,0.14350764727042298,4.3135666847229,9.495710372924805,7631.553486055404,110.70367629229999,11.740851517008315
302,15150,2.566580129726103,5.196971999109766,5.196971999109766,5.196971999109766,3378.031799421349,103.4529005428333,3717.1249162736053,5.242892515500493,3.3769140243530273,8.191823959350586,5868.458750335683,113.47327057640004,9.028398077439515
303,15200,2.566580129726103,6.495375815986388,6.495375815986388,6.495375815986388,4221.994280391151,134.16797009793336,6560.4836100633975,22.13329583443272,7.168596267700195,13.148354530334473,8950.080159603547,106.90308844277996,13.769354091697767
304,15250,2.566580129726103,3.565181383192896,3.565181383192896,3.565181383192896,2317.367899075382,155.55456262546667,2398.02711826986,0.05451892709999739,6.217844009399414,9.223485946655273,11635.592194623445,95.45145222998002,17.90091106865145
305,15300,2.566580129726103,7.391613628747098,7.391613628747098,7.391613628747098,4804.548858685616,80.8498582675,5139.84388354366,2.0819752235640605,6.084704399108887,8.918743133544922,7618.305915770743,104.72605791088,11.720470639647296
306,15350,2.566580129726103,4.162731250453221,4.162731250453221,4.162731250453221,2705.775312794593,155.56129790810004,5556.812279500016,0.11613189468362048,2.9742558002471924,8.227001190185547,6813.975149834791,106.06449267637996,10.483038692053533
307,15400,2.566580129726103,4.378296036994802,4.378296036994802,4.378296036994802,2845.8924240466217,155.2659698933,3711.7552975424783,0.9167167323633924,9.795208930969238,9.394181251525879,11074.96403950386,106.69661607724005,17.03840621462132
308,15450,2.566580129726103,4.650558855010298,4.650558855010298,4.650558855010298,3022.8632557566943,108.22495842200003,2717.0897879032295,29.010309987163847,3.72725510597229,8.867772102355957,6605.781380131097,103.79530907227998,10.16274058481707
309,15500,2.566580129726103,6.554699450469115,6.554699450469115,6.554699450469115,4260.554642804923,92.0153047492,7355.295996123216,12.659700292370887,4.480940818786621,8.392232894897461,7616.032351407924,100.82841336623999,11.716972848319884
310,15550,2.566580129726103,8.16308987018043,8.16308987018043,8.16308987018043,5306.008415617277,155.62029916650005,6359.966535363618,0.1427600989250411,2.170574188232422,8.695703506469727,6684.631150300125,96.20522438506003,10.284047923538656
311,15600,2.566580129726103,4.517637428100327,4.517637428100327,4.517637428100327,2936.464328265212,155.5672398674333,4986.468601924929,0.10967098815675791,2.681204080581665,8.913541793823242,9177.701500424348,109.11996465412,14.11954076988361
312,15650,2.566580129726103,3.8495836114293414,3.8495836114293414,3.8495836114293414,2502.2293474290714,123.6602822931,3299.858532720425,17.685583024351697,7.146957874298096,8.864060401916504,4180.1390706200955,104.80840894286001,6.430983185569377
313,15700,2.566580129726103,6.365948167778166,6.365948167778166,6.365948167778166,4137.866309055808,155.5944445104,4992.399945778881,0.1105993056997071,3.5833277702331543,7.896750450134277,7229.328687936617,98.56174054202003,11.122044135287103
314,15750,2.566580129726103,5.036878887779102,5.036878887779102,5.036878887779102,3273.9712770564174,155.57494928593326,3475.520454082339,0.07425692217584931,8.497861862182617,9.767793655395508,8224.269664469593,98.83007242317997,12.652722560722452
315,15800,2.566580129726103,3.598565930015026,3.598565930015026,3.598565930015026,2339.0678545097667,155.5547879998,3126.856835201189,0.0687287143930414,5.952689170837402,9.30864143371582,7789.9815133056545,105.14197565353999,11.984586943547159
316,15850,2.566580129726103,16.9173770385686,16.9173770385686,16.9173770385686,10996.295075069589,81.36505177570001,7089.235588304023,1.272870715535812,7.596593379974365,9.563260078430176,7421.858250131806,107.18055710768003,11.418243461741238
317,15900,2.566580129726103,8.880742432328947,8.880742432328947,8.880742432328947,5772.482581013813,81.36561783560002,6004.439450222339,2.033678373332361,3.0433077812194824,9.670536041259766,8330.202996874366,107.66371414848,12.81569691826826
318,15950,2.566580129726103,4.071233792653574,4.071233792653574,4.071233792653574,2646.301965224823,114.09740256109998,3208.1757710884585,14.542088564487635,3.6873056888580322,9.218295097351074,10364.532258119807,98.82397972733997,15.945434243261248
319,16000,2.566580129726103,5.366679676974502,5.366679676974502,5.366679676974502,3488.3417900334266,80.33595325419999,4086.113625703366,4.58930848566857,3.25951886177063,7.7040324211120605,7452.90236368283,104.4771244587,11.466003636435119
320,16050,2.566580129726103,12.184630809668082,12.184630809668082,12.184630809668082,7920.010026284256,80.72368370103332,4573.860700935716,2.1645623150951643,3.479579448699951,8.842110633850098,6535.024779894817,98.12783948548002,10.05388427676126
321,16100,2.566580129726103,3.738834068179272,3.738834068179272,3.738834068179272,2430.2421443165276,130.53634242296667,2557.4859341189176,21.940974701111635,4.267204284667969,7.6759419441223145,8178.585996105954,103.90089639285996,12.582439994009157
322,16150,2.566580129726103,6.452309782530299,6.452309782530299,6.452309782530299,4194.001358644695,103.86802954570003,5471.788800388465,18.374478922240623,2.651583671569824,9.17428207397461,7350.559881937474,105.32079152714,11.308553664519193
323,16200,2.566580129726103,4.331130685709611,4.331130685709611,4.331130685709611,2815.2349457112464,155.56536950430004,3293.9607629924144,0.07383950579754052,6.087094783782959,7.352119445800781,8358.37705007795,106.24541578490002,12.85904161550454
324,16250,2.566580129726103,6.335081379643654,6.335081379643654,6.335081379643654,4117.802896768376,155.49313402163335,6055.527251009092,0.4681900014277393,2.2098896503448486,8.250455856323242,8614.161296804285,106.61565762470003,13.252555841237365
325,16300,2.566580129726103,5.793725890266378,5.793725890266378,5.793725890266378,3765.921828673146,123.2948765895,6454.520108585186,4.787638080387422,7.217681407928467,8.167284965515137,7911.827116889319,108.32589150096001,12.172041718291261
326,16350,2.566580129726103,3.734068627397406,3.734068627397406,3.734068627397406,2427.144607808315,81.200390054,2560.75626898829,1.045886393757289,3.971235752105713,8.023423194885254,6235.791955280062,109.06490621865998,9.59352608504625
327,16400,2.566580129726103,5.821148843747035,5.821148843747035,5.821148843747035,3783.7467484355725,83.0213731508,3781.6383071706955,2.4860494362000094,5.137537002563477,8.328932762145996,9862.311363632767,104.46971147073998,15.172786713281177
328,16450,1.6519474332302004,1.6519474332302004,1.6519474332302004,1.6519474332302004,1073.7658315996298,155.52619888260003,1129.027742615745,0.02464477188528443,3.5780296325683594,8.902238845825195,9885.018187896612,104.85611264184001,15.207720289071709
329,16500,1.6519474332302004,5.958004363103667,5.958004363103667,5.958004363103667,3872.702836017384,124.68916033839999,5591.473001751589,28.571975242051387,6.715070724487305,9.046599388122559,9089.130321081111,106.97134423667998,13.983277417047862
330,16550,1.6519474332302004,9.968617126400488,9.968617126400488,9.968617126400488,6479.601132160318,80.89212775023333,5153.934937448662,2.566162039953711,4.553711414337158,10.411163330078125,8702.43871493682,111.99441582056,13.388367253748957
331,16600,1.6519474332302004,8.044388715883798,8.044388715883798,8.044388715883798,5228.852665324469,84.07946394470001,9142.565984347346,5.779945014048402,3.256455898284912,9.259591102600098,9272.73805647345,112.95908437044004,14.265750856113
332,16650,1.6519474332302004,5.349149891845859,5.349149891845859,5.349149891845859,3476.9474296998087,155.5774948658,4388.7863031182105,0.09169168889237052,6.4719929695129395,11.610651969909668,8526.713401996674,108.26833389134,13.11802061845642
333,16700,1.6519474332302004,6.5996951333212746,6.5996951333212746,6.5996951333212746,4289.8018366588285,155.5983386689667,4369.856652983271,0.09779344029557206,2.85829758644104,11.007622718811035,10580.011963430936,111.1345941503,16.276941482201444
334,16750,1.6519474332302004,5.072643978571902,5.072643978571902,5.072643978571902,3297.2185860717364,155.57615467846665,5089.302951847984,0.11015365015720663,3.588763952255249,8.889514923095703,5720.363947316796,110.3646872363,8.800559918948917
335,16800,1.6519474332302004,6.426875323176046,6.426875323176046,6.426875323176046,4177.46896006443,81.13513597536665,2848.714300612043,1.1992296147964154,6.860901832580566,10.662960052490234,8887.638405804226,113.72930558416006,13.673289855083427
336,16850,1.6519474332302004,5.26987868931409,5.26987868931409,5.26987868931409,3425.4211480541585,155.5785753928,5210.644328050811,0.1138942943100089,4.5852742195129395,7.618736743927002,8599.798848232751,114.49475414440002,13.23045976651193
337,16900,1.6519474332302004,3.706948652264886,3.706948652264886,3.706948652264886,2409.5166239721757,86.18855315396665,3452.3767874002265,1.2239067549050675,8.407822608947754,9.742684364318848,6629.622916405808,111.64403178333995,10.199419871393548
338,16950,1.6519474332302004,4.859004220430074,4.859004220430074,4.859004220430074,3158.3527432795486,81.61647990790001,3371.3592974038284,1.3827673893022767,4.196434497833252,11.748647689819336,7979.310072298321,109.52289448534002,12.275861649689723
339,17000,1.6519474332302004,5.755510089373497,5.755510089373497,5.755510089373497,3741.081558092773,81.0316113439,2688.4277624479623,0.7814920519974731,3.090773582458496,12.273263931274414,10320.663933262273,107.30628601532,15.877944512711183
340,17050,1.6519474332302004,5.035247095254862,5.035247095254862,5.035247095254862,3272.9106119156613,155.5750188554333,3801.319471505274,0.08234522200965678,3.724069833755493,10.504154205322266,6531.274786906616,108.76609553908001,10.04811505677941
341,17100,1.6519474332302004,8.278451824556576,8.278451824556576,8.278451824556576,5380.993685961776,80.95982042236666,2737.0274864371513,1.643388328974794,2.386812925338745,10.205577850341797,7611.178823112327,110.92513813052001,11.709505881711273
342,17150,1.6519474332302004,4.35095746687834,4.35095746687834,4.35095746687834,2828.12235347092,99.35003812766666,2993.9997355338674,15.803620517579168,3.431457042694092,9.17038631439209,8700.034276316077,110.78483492537998,13.384668117409346
343,17200,1.6519474332302004,5.039397329763578,5.039397329763578,5.039397329763578,3275.6082643463255,155.57413822393335,3956.1574618611253,0.08421923921900609,5.01839017868042,9.873147010803223,7404.943948880901,107.23768469721996,11.392221459816772
344,17250,1.6519474332302004,4.350783567983087,4.350783567983087,4.350783567983087,2828.009319189006,114.40075836419997,3482.76806562585,13.663317841486187,4.22788667678833,10.444707870483398,7753.196930327575,108.13795602007997,11.927995277427039
345,17300,1.6519474332302004,4.699333008992148,4.699333008992148,4.699333008992148,3054.566455844896,155.5701103681667,4060.3815835180094,0.08897898809176734,4.270186424255371,10.969395637512207,5362.295366001411,107.59854623279996,8.24968517846371
346,17350,1.6519474332302004,7.263138027011636,7.263138027011636,7.263138027011636,4721.039717557562,81.16002174629998,4777.811026983439,1.6100738922372733,4.606914043426514,8.933954238891602,12546.401964210405,106.70613125858,19.302156868016013
347,17400,1.6519474332302004,5.3034395024098995,5.3034395024098995,5.3034395024098995,3447.235676566434,155.47758444120004,6216.047681024534,0.565279609081517,4.927390098571777,11.11677074432373,7160.687336620625,109.03047077677996,11.01644205633942
348,17450,1.6519474332302004,9.01852340741619,9.01852340741619,9.01852340741619,5862.040214820524,90.12098594846667,1736.2358402541054,33.02964315295807,6.142830848693848,10.815306663513184,10924.206124871089,105.89237708588,16.806470961340132
349,17500,1.6519474332302004,4.8172739736269445,4.8172739736269445,4.8172739736269445,3131.228082857516,155.57140755660006,3131.769962008547,0.06750911451993381,5.3026323318481445,11.384568214416504,11119.094945144638,110.95090441301998,17.10629991560714
350,17550,1.6519474332302004,4.034648389406928,4.034648389406928,4.034648389406928,2622.5214531145025,81.11291424693334,3558.1782203107555,0.9854348608442811,2.178213119506836,10.317216873168945,7856.996565466248,107.07199039180003,12.087687023794228
351,17600,1.6519474332302004,3.593377698781477,3.593377698781477,3.593377698781477,2335.695504207961,82.99622005523335,2477.4880257883788,2.0855551310184417,4.676384925842285,11.38950252532959,6173.765512369863,115.40034811256001,9.498100788261327
352,17650,1.6519474332302004,10.275224362140047,10.275224362140047,10.275224362140047,6678.895835391032,154.9491852818,7292.492261838126,3.1262425382329515,7.223217964172363,12.580636024475098,7831.906363475236,113.22711201815999,12.049086713038824
353,17700,1.6519474332302004,3.905293805948444,3.905293805948444,3.905293805948444,2538.440973866488,124.06282763746668,2522.3168362741794,19.04260850543927,6.769869327545166,9.730507850646973,8228.26278534122,118.67221216871998,12.658865823601879
354,17750,1.6519474332302004,3.622663360840938,3.622663360840938,3.622663360840938,2354.7311845466093,155.5559766579,2607.196150422162,0.05874000727341557,3.883476734161377,12.393939971923828,8937.037090325548,115.89348086176004,13.749287831270069
355,17800,1.6519474332302004,4.0684074046033025,4.0684074046033025,4.0684074046033025,2644.464812992147,155.16446033946667,3337.4274511247245,2.0728540963980495,4.331494331359863,11.323981285095215,8883.672343382734,114.25834085092,13.667188220588821
356,17850,1.6519474332302004,5.533554291425862,5.533554291425862,5.533554291425862,3596.81028942681,155.58199185339998,5454.23859836522,0.11931248167603323,6.413536071777344,14.603164672851562,8079.534673895774,117.53516934739996,12.430053344455041
357,17900,1.6519474332302004,5.976985692076387,5.976985692076387,5.976985692076387,3885.0406998496524,85.82808048733328,4747.404996327888,8.714203628054076,1.6353955268859863,9.832355499267578,8946.008315341349,112.12297197668002,13.763089715909773
358,17950,1.6519474332302004,5.938904947415793,5.938904947415793,5.938904947415793,3860.288215820266,82.14098879256666,4083.4870789262104,1.7511486777065401,3.5446043014526367,10.00681209564209,11216.60152560859,108.46138887303998,17.256310039397828
359,18000,1.6519474332302004,7.963105061696209,7.963105061696209,7.963105061696209,5176.018290102534,81.55627550769997,2824.3502036663663,1.2629137567508906,3.188729763031006,9.641697883605957,7794.659106116895,110.65574363158,11.991783240179837
360,18050,1.6519474332302004,4.926812089455558,4.926812089455558,4.926812089455558,3202.427858146112,153.87707247966668,2998.305518112188,2.0218926068801433,7.7811055183410645,10.748139381408691,8841.325810352895,108.15728674100002,13.60203970823522
361,18100,1.6519474332302004,5.143638867491898,5.143638867491898,5.143638867491898,3343.365263869733,155.27813282986668,4383.33771415883,1.5282392038553105,5.239948749542236,10.26463794708252,8533.40993350632,117.95403145806,13.12832297462511
362,18150,1.6519474332302004,3.139859521216706,3.139859521216706,3.139859521216706,2040.9086887908588,81.59415468493334,2110.1453547300002,1.9254093895204334,5.784261226654053,11.392287254333496,7813.167823467944,120.75638358223996,12.020258189950683
363,18200,1.6519474332302004,8.083035206453788,8.083035206453788,8.083035206453788,5253.972884194959,81.45333195976667,3526.2301797119544,1.2112863639787395,6.117520809173584,10.973937034606934,8922.51670893812,107.08868161334001,13.72694878298173
364,18250,1.6519474332302004,4.762509740377053,4.762509740377053,4.762509740377053,3095.6313312450843,154.67321835676668,3858.156052828681,1.397915541030567,9.582106590270996,13.686005592346191,6745.46569421542,107.04026166498001,10.377639529562181
365,18300,1.6519474332302004,3.7710159029156456,3.7710159029156456,3.7710159029156456,2451.1603368951696,155.55684263093332,2678.956937657835,0.06001190474304868,6.635990619659424,10.95805835723877,9323.798804614282,109.92278888289998,14.344305853252742
366,18350,1.6519474332302004,4.761505756814617,4.761505756814617,4.761505756814617,3094.9787419295008,81.02255477959999,4125.614832992323,0.7977463944688793,4.124223709106445,9.37063217163086,8257.047115208128,111.43807024812,12.703149408012507
367,18400,1.6519474332302004,5.631149444376758,5.631149444376758,5.631149444376758,3660.2471388448935,81.73544197980002,4148.452829413831,1.4394455277510796,7.332490921020508,13.890560150146484,7230.469762674513,112.56229809188,11.123799634883865
368,18450,1.6519474332302004,4.362387023320924,4.362387023320924,4.362387023320924,2835.551565158601,110.41262493123332,2676.2487316214497,27.904996689810353,4.677553653717041,9.476929664611816,6071.877404955344,113.11871877656,9.341349853777452
369,18500,1.6519474332302004,4.977262343043501,4.977262343043501,4.977262343043501,3235.2205229782753,155.37585082016665,3411.2226179628433,0.7646662021654724,2.467560291290283,11.067991256713867,9518.832938435151,115.53248592115999,14.644358366823303
370,18550,1.6519474332302004,5.151577396169758,5.151577396169758,5.151577396169758,3348.5253075103424,155.57842613669996,4423.425981171665,0.10236599699384016,2.9329729080200195,9.174345970153809,4552.925944460007,111.70897941924001,7.004501453015394
371,18600,1.6519474332302004,8.204118887223736,8.204118887223736,8.204118887223736,5332.677276695429,80.68252691916668,7707.069899405092,2.1747690662942003,12.222739219665527,14.264753341674805,8444.201683061945,109.88136288303998,12.991079512402994
372,18650,1.6519474332302004,4.230029600488346,4.230029600488346,4.230029600488346,2749.5192403174246,155.56350027796668,3730.135787630872,0.08395380889394123,4.9387898445129395,9.898795127868652,7571.315956152073,105.08810567528003,11.648178394080114
373,18700,1.6519474332302004,5.133263533822199,5.133263533822199,5.133263533822199,3336.6212969844273,133.94903707173333,3531.1470973234186,1.1958150987189062,2.7571051120758057,10.846630096435547,11589.056135943656,110.26604413971997,17.829317132221007
374,18750,1.6519474332302004,3.4758891742185374,3.4758891742185374,3.4758891742185374,2259.32796324205,155.55173307286665,2916.4180350955166,0.06154690215705562,7.226912498474121,10.96364688873291,5641.7579491942515,103.66391840209997,8.679627614145
375,18800,1.6519474332302004,16.95802035659161,16.95802035659161,16.95802035659161,11022.713231784546,78.78606372326665,5307.1790587970145,3.6750357494666512,2.6162779331207275,9.26686954498291,7985.484882551313,108.42721692642,12.285361357771249
376,18850,1.6519474332302004,5.3071569775849055,5.3071569775849055,5.3071569775849055,3449.652035430188,136.34517992526668,5546.141316249454,19.6197391808254,4.137301445007324,12.112417221069336,9330.249709699845,104.47695127099996,14.354230322615154
377,18900,1.6519474332302004,6.454353215555808,6.454353215555808,6.454353215555808,4195.329590111274,155.5959860914667,4991.343381869204,0.10808801610887507,1.9220919609069824,10.091429710388184,11097.259506454568,101.33146761107999,17.07270693300703
378,18950,1.6519474332302004,7.321440102291628,7.321440102291628,7.321440102291628,4758.9360664895585,85.35476686940001,5232.812439920796,2.3717126484395634,3.8359150886535645,11.106520652770996,7640.426748062717,105.79777965022002,11.754502689327257
379,19000,1.6519474332302004,3.139430860424752,3.139430860424752,3.139430860424752,2040.630059276089,155.5482955775,2501.0456398095434,0.05600624039958773,8.037692070007324,13.381082534790039,10011.155293970975,106.51763514504,15.401777375339968
380,19050,1.6519474332302004,3.444760317409793,3.444760317409793,3.444760317409793,2239.094206316365,82.89289741436667,1753.1489563908406,2.0994605306455156,2.903712034225464,10.382269859313965,8613.710115117981,104.15106733430001,13.251861715566122
381,19100,1.6519474332302004,5.2106414907091185,5.2106414907091185,5.2106414907091185,3386.9169689609266,154.77918897093335,5229.89437708913,1.499356367629266,5.111172676086426,9.232478141784668,8905.633328316753,107.92463098143998,13.700974351256546
382,19150,1.6519474332302004,2.5261412874619533,2.5261412874619533,2.5261412874619533,1641.9918368502697,155.53881445246668,1723.5685424019573,0.03699243913296432,2.494835138320923,10.839150428771973,7600.480707074675,108.02402341626001,11.693047241653344
383,19200,1.6519474332302004,4.131313312598039,4.131313312598039,4.131313312598039,2685.3536531887253,80.21360695763336,2734.3738196346403,7.1371782149690475,4.203797340393066,11.864669799804688,7812.782067396675,107.47782377178005,12.019664719071807
